county,state,region,zone
AUTAUGA,AL,4,2
BALDWIN,AL,4,3
BARBOUR,AL,4,2
BIBB,AL,4,2
BLOUNT,AL,4,2
BULLOCK,AL,4,2
BUTLER,AL,4,3
CALHOUN,AL,4,1
CHAMBERS,AL,4,3
CHEROKEE,AL,4,2
CHILTON,AL,4,2
CHOCTAW,AL,4,3
CLARKE,AL,4,3
CLAY,AL,4,1
CLEBURNE,AL,4,1
COFFEE,AL,4,3
COLBERT,AL,4,1
CONECUH,AL,4,3
COOSA,AL,4,1
COVINGTON,AL,4,3
CRENSHAW,AL,4,3
CULLMAN,AL,4,2
DALE,AL,4,3
DALLAS,AL,4,2
DEKALB,AL,4,2
ELMORE,AL,4,2
ESCAMBIA,AL,4,3
ETOWAH,AL,4,2
FAYETTE,AL,4,2
FRANKLIN,AL,4,1
GENEVA,AL,4,3
GREENE,AL,4,2
HALE,AL,4,2
HENRY,AL,4,3
HOUSTON,AL,4,3
JACKSON,AL,4,1
JEFFERSON,AL,4,2
LAMAR,AL,4,2
LAUDERDALE,AL,4,1
LAWRENCE,AL,4,1
LEE,AL,4,2
LIMESTONE,AL,4,1
LOWNDES,AL,4,2
MACON,AL,4,2
MADISON,AL,4,1
MARENGO,AL,4,3
MARION,AL,4,2
MARSHALL,AL,4,2
MOBILE,AL,4,3
MONROE,AL,4,3
MONTGOMERY,AL,4,2
MORGAN,AL,4,1
PERRY,AL,4,2
PICKENS,AL,4,2
PIKE,AL,4,3
RANDOLPH,AL,4,2
RUSSELL,AL,4,2
STCLAIR,AL,4,2
SHELBY,AL,4,2
SUMTER,AL,4,2
TALLADEGA,AL,4,1
TALLAPOOSA,AL,4,3
TUSCALOOSA,AL,4,2
WALKER,AL,4,2
WASHINGTON,AL,4,3
WILCOX,AL,4,3
WINSTON,AL,4,2
ALEUTIANSEAST,AK,10,3
ALEUTIANSWEST,AK,10,3
ANCHORAGE,AK,10,3
BETHEL,AK,10,3
BRISTOLBAY,AK,10,3
DENALI,AK,10,3
DILLINGHAM,AK,10,3
FAIRBANKSNORTHSTAR,AK,10,2
HAINES,AK,10,3
JUNEAU,AK,10,3
KENAIPENINSULA,AK,10,2
KETCHIKANGATEWAY,AK,10,2
KODIAKISLAND,AK,10,3
LAKEANDPENINSULA,AK,10,3
MATANUSKA-SUSITNA,AK,10,2
NOME,AK,10,3
NORTHSLOPE,AK,10,3
NORTHWESTARCTIC,AK,10,3
PRINCEOFWALES-OUTERKETCHIKAN,AK,10,3
SITKA,AK,10,3
SKAGWAY-HOONAH-ANGOON,AK,10,3
SOUTHEASTFAIRBANKS,AK,10,2
VALDEZ-CORDOVA,AK,10,3
WADEHAMPTON,AK,10,3
WRANGELL-PETERSBURG,AK,10,3
YAKUTAT,AK,10,3
YUKON-KOYUKUK,AK,10,3
APACHE,AZ,9,2
COCHISE,AZ,9,2
COCONINO,AZ,9,2
GILA,AZ,9,2
GRAHAM,AZ,9,2
GREENLEE,AZ,9,2
LAPAZ,AZ,9,2
MARICOPA,AZ,9,2
MOHAVE,AZ,9,2
NAVAJO,AZ,9,2
PIMA,AZ,9,2
PINAL,AZ,9,2
SANTACRUZ,AZ,9,2
YAVAPAI,AZ,9,2
YUMA,AZ,9,2
ARKANSAS,AR,6,3
ASHLEY,AR,6,3
BAXTER,AR,6,2
BENTON,AR,6,2
BOONE,AR,6,2
BRADLEY,AR,6,3
CALHOUN,AR,6,3
CARROLL,AR,6,2
CHICOT,AR,6,3
CLARK,AR,6,3
CLAY,AR,6,3
CLEBURNE,AR,6,3
CLEVELAND,AR,6,3
COLUMBIA,AR,6,3
CONWAY,AR,6,3
CRAIGHEAD,AR,6,3
CRAWFORD,AR,6,3
CRITTENDEN,AR,6,3
CROSS,AR,6,3
DALLAS,AR,6,3
DESHA,AR,6,3
DREW,AR,6,3
FAULKNER,AR,6,3
FRANKLIN,AR,6,3
FULTON,AR,6,2
GARLAND,AR,6,2
GRANT,AR,6,3
GREENE,AR,6,3
HEMPSTEAD,AR,6,3
HOTSPRING,AR,6,3
HOWARD,AR,6,3
INDEPENDENCE,AR,6,2
IZARD,AR,6,2
JACKSON,AR,6,3
JEFFERSON,AR,6,3
JOHNSON,AR,6,3
LAFAYETTE,AR,6,3
LAWRENCE,AR,6,3
LEE,AR,6,3
LINCOLN,AR,6,3
LITTLERIVER,AR,6,3
LOGAN,AR,6,3
LONOKE,AR,6,3
MADISON,AR,6,3
MARION,AR,6,2
MILLER,AR,6,3
MISSISSIPPI,AR,6,3
MONROE,AR,6,3
MONTGOMERY,AR,6,2
NEVADA,AR,6,3
NEWTON,AR,6,3
OUACHITA,AR,6,3
PERRY,AR,6,3
PHILLIPS,AR,6,3
PIKE,AR,6,3
POINSETT,AR,6,3
POLK,AR,6,3
POPE,AR,6,3
PRAIRIE,AR,6,3
PULASKI,AR,6,3
RANDOLPH,AR,6,2
STFRANCIS,AR,6,3
SALINE,AR,6,3
SCOTT,AR,6,3
SEARCY,AR,6,2
SEBASTIAN,AR,6,3
SEVIER,AR,6,3
SHARP,AR,6,2
STONE,AR,6,2
UNION,AR,6,3
VANBUREN,AR,6,3
WASHINGTON,AR,6,3
WHITE,AR,6,3
WOODRUFF,AR,6,3
YELL,AR,6,3
ALAMEDA,CA,9,2
ALPINE,CA,9,2
AMADOR,CA,9,2
BUTTE,CA,9,3
CALAVERAS,CA,9,2
COLUSA,CA,9,3
CONTRACOSTA,CA,9,2
DELNORTE,CA,9,3
ELDORADO,CA,9,2
FRESNO,CA,9,2
GLENN,CA,9,3
HUMBOLDT,CA,9,3
IMPERIAL,CA,9,3
INYO,CA,9,2
KERN,CA,9,2
KINGS,CA,9,3
LAKE,CA,9,3
LASSEN,CA,9,3
LOSANGELES,CA,9,2
MADERA,CA,9,2
MARIN,CA,9,3
MARIPOSA,CA,9,2
MENDOCINO,CA,9,3
MERCED,CA,9,3
MODOC,CA,9,3
MONO,CA,9,2
MONTEREY,CA,9,2
NAPA,CA,9,3
NEVADA,CA,9,2
ORANGE,CA,9,3
PLACER,CA,9,2
PLUMAS,CA,9,2
RIVERSIDE,CA,9,2
SACRAMENTO,CA,9,3
SANBENITO,CA,9,2
SANBERNARDINO,CA,9,2
SANDIEGO,CA,9,3
SANFRANCISCO,CA,9,2
SANJOAQUIN,CA,9,3
SANLUISOBISPO,CA,9,2
SANMATEO,CA,9,2
SANTABARBARA,CA,9,1
SANTACLARA,CA,9,2
SANTACRUZ,CA,9,2
SHASTA,CA,9,3
SIERRA,CA,9,2
SISKIYOU,CA,9,3
SOLANO,CA,9,3
SONOMA,CA,9,3
STANISLAUS,CA,9,3
SUTTER,CA,9,3
TEHAMA,CA,9,3
TRINITY,CA,9,3
TULARE,CA,9,2
TUOLUMNE,CA,9,2
VENTURA,CA,9,1
YOLO,CA,9,3
YUBA,CA,9,2
ADAMS,CO,8,1
ALAMOSA,CO,8,2
ARAPAHOE,CO,8,1
ARCHULETA,CO,8,2
BACA,CO,8,1
BENT,CO,8,1
BOULDER,CO,8,1
BROOMFIELD,CO,8,1
CHAFFEE,CO,8,1
CHEYENNE,CO,8,1
CLEARCREEK,CO,8,1
CONEJOS,CO,8,2
COSTILLA,CO,8,2
CROWLEY,CO,8,1
CUSTER,CO,8,1
DELTA,CO,8,1
DENVER,CO,8,1
DOLORES,CO,8,1
DOUGLAS,CO,8,1
EAGLE,CO,8,2
ELBERT,CO,8,1
ELPASO,CO,8,1
FREMONT,CO,8,1
GARFIELD,CO,8,1
GILPIN,CO,8,1
GRAND,CO,8,1
GUNNISON,CO,8,1
HINSDALE,CO,8,2
HUERFANO,CO,8,1
JACKSON,CO,8,1
JEFFERSON,CO,8,1
KIOWA,CO,8,1
KITCARSON,CO,8,1
LAKE,CO,8,1
LAPLATA,CO,8,1
LARIMER,CO,8,1
LASANIMAS,CO,8,1
LINCOLN,CO,8,1
LOGAN,CO,8,1
MESA,CO,8,1
MINERAL,CO,8,2
MOFFAT,CO,8,1
MONTEZUMA,CO,8,1
MONTROSE,CO,8,1
MORGAN,CO,8,1
OTERO,CO,8,1
OURAY,CO,8,1
PARK,CO,8,1
PHILLIPS,CO,8,1
PITKIN,CO,8,1
PROWERS,CO,8,1
PUEBLO,CO,8,1
RIOBLANCO,CO,8,1
RIOGRANDE,CO,8,2
ROUTT,CO,8,2
SAGUACHE,CO,8,2
SANJUAN,CO,8,2
SANMIGUEL,CO,8,1
SEDGWICK,CO,8,1
SUMMIT,CO,8,1
TELLER,CO,8,1
WASHINGTON,CO,8,1
WELD,CO,8,1
YUMA,CO,8,1
FAIRFIELD,CT,1,1
HARTFORD,CT,1,3
LITCHFIELD,CT,1,2
MIDDLESEX,CT,1,1
NEWHAVEN,CT,1,1
NEWLONDON,CT,1,1
TOLLAND,CT,1,2
WINDHAM,CT,1,2
KENT,DE,3,3
NEWCASTLE,DE,3,2
SUSSEX,DE,3,3
DISTRICTOFCOLUMBIA,,3,3
ALACHUA,FL,4,2
BAKER,FL,4,3
BAY,FL,4,3
BRADFORD,FL,4,3
BREVARD,FL,4,3
BROWARD,FL,4,3
CALHOUN,FL,4,3
CHARLOTTE,FL,4,3
CITRUS,FL,4,2
CLAY,FL,4,3
COLLIER,FL,4,3
COLUMBIA,FL,4,2
DESOTO,FL,4,3
DIXIE,FL,4,3
DUVAL,FL,4,3
ESCAMBIA,FL,4,3
FLAGLER,FL,4,3
FRANKLIN,FL,4,3
GADSDEN,FL,4,3
GILCHRIST,FL,4,3
GLADES,FL,4,3
GULF,FL,4,3
HAMILTON,FL,4,3
HARDEE,FL,4,3
HENDRY,FL,4,3
HERNANDO,FL,4,3
HIGHLANDS,FL,4,3
HILLSBOROUGH,FL,4,2
HOLMES,FL,4,3
INDIANRIVER,FL,4,3
JACKSON,FL,4,3
JEFFERSON,FL,4,3
LAFAYETTE,FL,4,3
LAKE,FL,4,3
LEE,FL,4,3
LEON,FL,4,2
LEVY,FL,4,3
LIBERTY,FL,4,3
MADISON,FL,4,3
MANATEE,FL,4,3
MARION,FL,4,2
MARTIN,FL,4,3
MIAMI-DADE,FL,4,2
MONROE,FL,4,3
NASSAU,FL,4,3
OKALOOSA,FL,4,3
OKEECHOBEE,FL,4,3
ORANGE,FL,4,3
OSCEOLA,FL,4,3
PALMBEACH,FL,4,3
PASCO,FL,4,3
PINELLAS,FL,4,3
POLK,FL,4,2
PUTNAM,FL,4,3
STJOHNS,FL,4,3
STLUCIE,FL,4,3
SANTAROSA,FL,4,3
SARASOTA,FL,4,3
SEMINOLE,FL,4,3
SUMTER,FL,4,3
SUWANNEE,FL,4,3
TAYLOR,FL,4,3
UNION,FL,4,2
VOLUSIA,FL,4,3
WAKULLA,FL,4,3
WALTON,FL,4,3
WASHINGTON,FL,4,3
APPLING,GA,4,3
ATKINSON,GA,4,3
BACON,GA,4,3
BAKER,GA,4,3
BALDWIN,GA,4,3
BANKS,GA,4,2
BARROW,GA,4,2
BARTOW,GA,4,2
BENHILL,GA,4,3
BERRIEN,GA,4,3
BIBB,GA,4,3
BLECKLEY,GA,4,3
BRANTLEY,GA,4,3
BROOKS,GA,4,3
BRYAN,GA,4,3
BULLOCH,GA,4,3
BURKE,GA,4,3
BUTTS,GA,4,2
CALHOUN,GA,4,3
CAMDEN,GA,4,3
CANDLER,GA,4,3
CARROLL,GA,4,2
CATOOSA,GA,4,2
CHARLTON,GA,4,3
CHATHAM,GA,4,3
CHATTAHOOCHEE,GA,4,3
CHATTOOGA,GA,4,3
CHEROKEE,GA,4,2
CLARKE,GA,4,2
CLAY,GA,4,3
CLAYTON,GA,4,2
CLINCH,GA,4,3
COBB,GA,4,1
COFFEE,GA,4,3
COLQUITT,GA,4,3
COLUMBIA,GA,4,3
COOK,GA,4,3
COWETA,GA,4,2
CRAWFORD,GA,4,3
CRISP,GA,4,3
DADE,GA,4,3
DAWSON,GA,4,2
DECATUR,GA,4,3
DEKALB,GA,4,1
DODGE,GA,4,3
DOOLY,GA,4,3
DOUGHERTY,GA,4,3
DOUGLAS,GA,4,2
EARLY,GA,4,3
ECHOLS,GA,4,3
EFFINGHAM,GA,4,3
ELBERT,GA,4,2
EMANUEL,GA,4,3
EVANS,GA,4,3
FANNIN,GA,4,2
FAYETTE,GA,4,2
FLOYD,GA,4,2
FORSYTH,GA,4,2
FRANKLIN,GA,4,2
FULTON,GA,4,1
GILMER,GA,4,2
GLASCOCK,GA,4,3
GLYNN,GA,4,3
GORDON,GA,4,3
GRADY,GA,4,3
GREENE,GA,4,2
GWINNETT,GA,4,1
HABERSHAM,GA,4,2
HALL,GA,4,2
HANCOCK,GA,4,3
HARALSON,GA,4,2
HARRIS,GA,4,2
HART,GA,4,2
HEARD,GA,4,2
HENRY,GA,4,2
HOUSTON,GA,4,3
IRWIN,GA,4,3
JACKSON,GA,4,2
JASPER,GA,4,2
JEFFDAVIS,GA,4,3
JEFFERSON,GA,4,3
JENKINS,GA,4,3
JOHNSON,GA,4,3
JONES,GA,4,3
LAMAR,GA,4,2
LANIER,GA,4,3
LAURENS,GA,4,3
LEE,GA,4,3
LIBERTY,GA,4,3
LINCOLN,GA,4,3
LONG,GA,4,3
LOWNDES,GA,4,3
LUMPKIN,GA,4,2
MCDUFFIE,GA,4,3
MCINTOSH,GA,4,3
MACON,GA,4,3
MADISON,GA,4,2
MARION,GA,4,3
MERIWETHER,GA,4,2
MILLER,GA,4,3
MITCHELL,GA,4,3
MONROE,GA,4,2
MONTGOMERY,GA,4,3
MORGAN,GA,4,2
MURRAY,GA,4,3
MUSCOGEE,GA,4,3
NEWTON,GA,4,2
OCONEE,GA,4,2
OGLETHORPE,GA,4,2
PAULDING,GA,4,2
PEACH,GA,4,3
PICKENS,GA,4,2
PIERCE,GA,4,3
PIKE,GA,4,2
POLK,GA,4,3
PULASKI,GA,4,3
PUTNAM,GA,4,3
QUITMAN,GA,4,3
RABUN,GA,4,2
RANDOLPH,GA,4,3
RICHMOND,GA,4,2
ROCKDALE,GA,4,2
SCHLEY,GA,4,3
SCREVEN,GA,4,3
SEMINOLE,GA,4,3
SPALDING,GA,4,2
STEPHENS,GA,4,2
STEWART,GA,4,3
SUMTER,GA,4,3
TALBOT,GA,4,2
TALIAFERRO,GA,4,3
TATTNALL,GA,4,3
TAYLOR,GA,4,3
TELFAIR,GA,4,3
TERRELL,GA,4,3
THOMAS,GA,4,3
TIFT,GA,4,3
TOOMBS,GA,4,3
TOWNS,GA,4,2
TREUTLEN,GA,4,3
TROUP,GA,4,2
TURNER,GA,4,3
TWIGGS,GA,4,3
UNION,GA,4,2
UPSON,GA,4,2
WALKER,GA,4,2
WALTON,GA,4,2
WARE,GA,4,3
WARREN,GA,4,3
WASHINGTON,GA,4,3
WAYNE,GA,4,3
WEBSTER,GA,4,3
WHEELER,GA,4,3
WHITE,GA,4,2
WHITFIELD,GA,4,2
WILCOX,GA,4,3
WILKES,GA,4,3
WILKINSON,GA,4,3
WORTH,GA,4,3
HAWAII,HI,9,3
HONOLULU,HI,9,3
KALAWAO,HI,9,3
KAUAI,HI,9,3
MAUI,HI,9,3
ADA,ID,10,2
ADAMS,ID,10,3
BANNOCK,ID,10,2
BEARLAKE,ID,10,2
BENEWAH,ID,10,1
BINGHAM,ID,10,2
BLAINE,ID,10,1
BOISE,ID,10,1
BONNER,ID,10,1
BONNEVILLE,ID,10,2
BOUNDARY,ID,10,1
BUTTE,ID,10,1
CAMAS,ID,10,1
CANYON,ID,10,2
CARIBOU,ID,10,2
CASSIA,ID,10,2
CLARK,ID,10,1
CLEARWATER,ID,10,1
CUSTER,ID,10,1
ELMORE,ID,10,1
FRANKLIN,ID,10,2
FREMONT,ID,10,1
GEM,ID,10,3
GOODING,ID,10,1
IDAHO,ID,10,1
JEFFERSON,ID,10,2
JEROME,ID,10,2
KOOTENAI,ID,10,1
LATAH,ID,10,1
LEMHI,ID,10,1
LEWIS,ID,10,3
LINCOLN,ID,10,2
MADISON,ID,10,2
MINIDOKA,ID,10,2
NEZPERCE,ID,10,3
ONEIDA,ID,10,2
OWYHEE,ID,10,2
PAYETTE,ID,10,2
POWER,ID,10,2
SHOSHONE,ID,10,1
TETON,ID,10,2
TWINFALLS,ID,10,2
VALLEY,ID,10,1
WASHINGTON,ID,10,3
ADAMS,IL,5,1
ALEXANDER,IL,5,3
BOND,IL,5,2
BOONE,IL,5,1
BROWN,IL,5,1
BUREAU,IL,5,1
CALHOUN,IL,5,1
CARROLL,IL,5,1
CASS,IL,5,1
CHAMPAIGN,IL,5,1
CHRISTIAN,IL,5,2
CLARK,IL,5,2
CLAY,IL,5,2
CLINTON,IL,5,2
COLES,IL,5,1
COOK,IL,5,2
CRAWFORD,IL,5,2
CUMBERLAND,IL,5,2
DEKALB,IL,5,1
DEWITT,IL,5,1
DOUGLAS,IL,5,1
DUPAGE,IL,5,2
EDGAR,IL,5,1
EDWARDS,IL,5,2
EFFINGHAM,IL,5,2
FAYETTE,IL,5,2
FORD,IL,5,1
FRANKLIN,IL,5,2
FULTON,IL,5,1
GALLATIN,IL,5,2
GREENE,IL,5,1
GRUNDY,IL,5,1
HAMILTON,IL,5,2
HANCOCK,IL,5,1
HARDIN,IL,5,2
HENDERSON,IL,5,1
HENRY,IL,5,1
IROQUOIS,IL,5,1
JACKSON,IL,5,2
JASPER,IL,5,2
JEFFERSON,IL,5,2
JERSEY,IL,5,1
JODAVIESS,IL,5,1
JOHNSON,IL,5,2
KANE,IL,5,1
KANKAKEE,IL,5,2
KENDALL,IL,5,1
KNOX,IL,5,1
LAKE,IL,5,2
LASALLE,IL,5,1
LAWRENCE,IL,5,2
LEE,IL,5,1
LIVINGSTON,IL,5,1
LOGAN,IL,5,1
MCDONOUGH,IL,5,1
MCHENRY,IL,5,2
MCLEAN,IL,5,1
MACON,IL,5,1
MACOUPIN,IL,5,2
MADISON,IL,5,2
MARION,IL,5,2
MARSHALL,IL,5,1
MASON,IL,5,1
MASSAC,IL,5,3
MENARD,IL,5,1
MERCER,IL,5,1
MONROE,IL,5,2
MONTGOMERY,IL,5,2
MORGAN,IL,5,1
MOULTRIE,IL,5,1
OGLE,IL,5,1
PEORIA,IL,5,1
PERRY,IL,5,2
PIATT,IL,5,1
PIKE,IL,5,1
POPE,IL,5,2
PULASKI,IL,5,3
PUTNAM,IL,5,1
RANDOLPH,IL,5,2
RICHLAND,IL,5,2
ROCKISLAND,IL,5,1
STCLAIR,IL,5,2
SALINE,IL,5,2
SANGAMON,IL,5,1
SCHUYLER,IL,5,1
SCOTT,IL,5,1
SHELBY,IL,5,2
STARK,IL,5,1
STEPHENSON,IL,5,1
TAZEWELL,IL,5,1
UNION,IL,5,2
VERMILION,IL,5,1
WABASH,IL,5,2
WARREN,IL,5,1
WASHINGTON,IL,5,2
WAYNE,IL,5,2
WHITE,IL,5,2
WHITESIDE,IL,5,1
WILL,IL,5,2
WILLIAMSON,IL,5,2
WINNEBAGO,IL,5,1
WOODFORD,IL,5,1
ADAMS,IN,5,1
ALLEN,IN,5,1
BARTHOLOMEW,IN,5,1
BENTON,IN,5,1
BLACKFORD,IN,5,1
BOONE,IN,5,1
BROWN,IN,5,2
CARROLL,IN,5,1
CASS,IN,5,1
CLARK,IN,5,1
CLAY,IN,5,2
CLINTON,IN,5,1
CRAWFORD,IN,5,2
DAVIESS,IN,5,2
DEARBORN,IN,5,2
DECATUR,IN,5,1
DEKALB,IN,5,1
DELAWARE,IN,5,1
DUBOIS,IN,5,2
ELKHART,IN,5,1
FAYETTE,IN,5,1
FLOYD,IN,5,2
FOUNTAIN,IN,5,1
FRANKLIN,IN,5,2
FULTON,IN,5,1
GIBSON,IN,5,2
GRANT,IN,5,1
GREENE,IN,5,2
HAMILTON,IN,5,1
HANCOCK,IN,5,1
HARRISON,IN,5,1
HENDRICKS,IN,5,1
HENRY,IN,5,1
HOWARD,IN,5,1
HUNTINGTON,IN,5,1
JACKSON,IN,5,2
JASPER,IN,5,2
JAY,IN,5,1
JEFFERSON,IN,5,2
JENNINGS,IN,5,1
JOHNSON,IN,5,1
KNOX,IN,5,2
KOSCIUSKO,IN,5,1
LAGRANGE,IN,5,1
LAKE,IN,5,2
LAPORTE,IN,5,2
LAWRENCE,IN,5,1
MADISON,IN,5,1
MARION,IN,5,1
MARSHALL,IN,5,1
MARTIN,IN,5,2
MIAMI,IN,5,1
MONROE,IN,5,1
MONTGOMERY,IN,5,1
MORGAN,IN,5,2
NEWTON,IN,5,2
NOBLE,IN,5,1
OHIO,IN,5,2
ORANGE,IN,5,1
OWEN,IN,5,2
PARKE,IN,5,2
PERRY,IN,5,2
PIKE,IN,5,2
PORTER,IN,5,2
POSEY,IN,5,2
PULASKI,IN,5,2
PUTNAM,IN,5,1
RANDOLPH,IN,5,1
RIPLEY,IN,5,2
RUSH,IN,5,1
STJOSEPH,IN,5,1
SCOTT,IN,5,1
SHELBY,IN,5,1
SPENCER,IN,5,2
STARKE,IN,5,2
STEUBEN,IN,5,1
SULLIVAN,IN,5,2
SWITZERLAND,IN,5,2
TIPPECANOE,IN,5,1
TIPTON,IN,5,1
UNION,IN,5,1
VANDERBURGH,IN,5,2
VERMILLION,IN,5,1
VIGO,IN,5,2
WABASH,IN,5,1
WARREN,IN,5,1
WARRICK,IN,5,2
WASHINGTON,IN,5,1
WAYNE,IN,5,1
WELLS,IN,5,1
WHITE,IN,5,1
WHITLEY,IN,5,1
ADAIR,IA,7,1
ADAMS,IA,7,1
ALLAMAKEE,IA,7,1
APPANOOSE,IA,7,1
AUDUBON,IA,7,1
BENTON,IA,7,1
BLACKHAWK,IA,7,1
BOONE,IA,7,1
BREMER,IA,7,1
BUCHANAN,IA,7,1
BUENAVISTA,IA,7,1
BUTLER,IA,7,1
CALHOUN,IA,7,1
CARROLL,IA,7,1
CASS,IA,7,1
CEDAR,IA,7,1
CERROGORDO,IA,7,1
CHEROKEE,IA,7,1
CHICKASAW,IA,7,1
CLARKE,IA,7,1
CLAY,IA,7,1
CLAYTON,IA,7,1
CLINTON,IA,7,1
CRAWFORD,IA,7,1
DALLAS,IA,7,1
DAVIS,IA,7,1
DECATUR,IA,7,1
DELAWARE,IA,7,1
DESMOINES,IA,7,1
DICKINSON,IA,7,1
DUBUQUE,IA,7,1
EMMET,IA,7,1
FAYETTE,IA,7,1
FLOYD,IA,7,1
FRANKLIN,IA,7,1
FREMONT,IA,7,1
GREENE,IA,7,1
GRUNDY,IA,7,1
GUTHRIE,IA,7,1
HAMILTON,IA,7,1
HANCOCK,IA,7,1
HARDIN,IA,7,1
HARRISON,IA,7,1
HENRY,IA,7,1
HOWARD,IA,7,1
HUMBOLDT,IA,7,1
IDA,IA,7,1
IOWA,IA,7,1
JACKSON,IA,7,1
JASPER,IA,7,1
JEFFERSON,IA,7,1
JOHNSON,IA,7,1
JONES,IA,7,1
KEOKUK,IA,7,1
KOSSUTH,IA,7,1
LEE,IA,7,1
LINN,IA,7,1
LOUISA,IA,7,1
LUCAS,IA,7,1
LYON,IA,7,1
MADISON,IA,7,1
MAHASKA,IA,7,1
MARION,IA,7,1
MARSHALL,IA,7,1
MILLS,IA,7,1
MITCHELL,IA,7,1
MONONA,IA,7,1
MONROE,IA,7,1
MONTGOMERY,IA,7,1
MUSCATINE,IA,7,1
O'BRIEN,IA,7,1
OSCEOLA,IA,7,1
PAGE,IA,7,1
PALOALTO,IA,7,1
PLYMOUTH,IA,7,1
POCAHONTAS,IA,7,1
POLK,IA,7,1
POTTAWATTAMIE,IA,7,1
POWESHIEK,IA,7,1
RINGGOLD,IA,7,1
SAC,IA,7,1
SCOTT,IA,7,1
SHELBY,IA,7,1
SIOUX,IA,7,1
STORY,IA,7,1
TAMA,IA,7,1
TAYLOR,IA,7,1
UNION,IA,7,1
VANBUREN,IA,7,1
WAPELLO,IA,7,1
WARREN,IA,7,1
WASHINGTON,IA,7,1
WAYNE,IA,7,1
WEBSTER,IA,7,1
WINNEBAGO,IA,7,1
WINNESHIEK,IA,7,1
WOODBURY,IA,7,1
WORTH,IA,7,1
WRIGHT,IA,7,1
ALLEN,KS,7,2
ANDERSON,KS,7,2
ATCHISON,KS,7,1
BARBER,KS,7,2
BARTON,KS,7,1
BOURBON,KS,7,2
BROWN,KS,7,1
BUTLER,KS,7,2
CHASE,KS,7,2
CHAUTAUQUA,KS,7,2
CHEROKEE,KS,7,2
CHEYENNE,KS,7,1
CLARK,KS,7,2
CLAY,KS,7,1
CLOUD,KS,7,1
COFFEY,KS,7,2
COMANCHE,KS,7,2
COWLEY,KS,7,2
CRAWFORD,KS,7,2
DECATUR,KS,7,1
DICKINSON,KS,7,1
DONIPHAN,KS,7,2
DOUGLAS,KS,7,1
EDWARDS,KS,7,2
ELK,KS,7,2
ELLIS,KS,7,1
ELLSWORTH,KS,7,1
FINNEY,KS,7,1
FORD,KS,7,1
FRANKLIN,KS,7,2
GEARY,KS,7,1
GOVE,KS,7,1
GRAHAM,KS,7,1
GRANT,KS,7,1
GRAY,KS,7,1
GREELEY,KS,7,1
GREENWOOD,KS,7,2
HAMILTON,KS,7,1
HARPER,KS,7,2
HARVEY,KS,7,2
HASKELL,KS,7,1
HODGEMAN,KS,7,1
JACKSON,KS,7,1
JEFFERSON,KS,7,2
JEWELL,KS,7,1
JOHNSON,KS,7,1
KEARNY,KS,7,1
KINGMAN,KS,7,1
KIOWA,KS,7,1
LABETTE,KS,7,2
LANE,KS,7,1
LEAVENWORTH,KS,7,1
LINCOLN,KS,7,1
LINN,KS,7,2
LOGAN,KS,7,1
LYON,KS,7,2
MCPHERSON,KS,7,1
MARION,KS,7,1
MARSHALL,KS,7,1
MEADE,KS,7,1
MIAMI,KS,7,2
MITCHELL,KS,7,1
MONTGOMERY,KS,7,2
MORRIS,KS,7,2
MORTON,KS,7,2
NEMAHA,KS,7,1
NEOSHO,KS,7,2
NESS,KS,7,1
NORTON,KS,7,1
OSAGE,KS,7,2
OSBORNE,KS,7,1
OTTAWA,KS,7,1
PAWNEE,KS,7,1
PHILLIPS,KS,7,1
POTTAWATOMIE,KS,7,1
PRATT,KS,7,1
RAWLINS,KS,7,1
RENO,KS,7,2
REPUBLIC,KS,7,1
RICE,KS,7,1
RILEY,KS,7,1
ROOKS,KS,7,1
RUSH,KS,7,1
RUSSELL,KS,7,1
SALINE,KS,7,1
SCOTT,KS,7,1
SEDGWICK,KS,7,2
SEWARD,KS,7,2
SHAWNEE,KS,7,2
SHERIDAN,KS,7,1
SHERMAN,KS,7,1
SMITH,KS,7,1
STAFFORD,KS,7,2
STANTON,KS,7,1
STEVENS,KS,7,2
SUMNER,KS,7,2
THOMAS,KS,7,1
TREGO,KS,7,1
WABAUNSEE,KS,7,2
WALLACE,KS,7,1
WASHINGTON,KS,7,1
WICHITA,KS,7,1
WILSON,KS,7,2
WOODSON,KS,7,2
WYANDOTTE,KS,7,1
ADAIR,KY,4,1
ALLEN,KY,4,1
ANDERSON,KY,4,2
BALLARD,KY,4,3
BARREN,KY,4,1
BATH,KY,4,2
BELL,KY,4,2
BOONE,KY,4,2
BOURBON,KY,4,1
BOYD,KY,4,2
BOYLE,KY,4,1
BRACKEN,KY,4,2
BREATHITT,KY,4,2
BRECKINRIDGE,KY,4,2
BULLITT,KY,4,1
BUTLER,KY,4,2
CALDWELL,KY,4,2
CALLOWAY,KY,4,3
CAMPBELL,KY,4,2
CARLISLE,KY,4,3
CARROLL,KY,4,2
CARTER,KY,4,2
CASEY,KY,4,1
CHRISTIAN,KY,4,2
CLARK,KY,4,1
CLAY,KY,4,2
CLINTON,KY,4,2
CRITTENDEN,KY,4,2
CUMBERLAND,KY,4,1
DAVIESS,KY,4,2
EDMONSON,KY,4,2
ELLIOTT,KY,4,2
ESTILL,KY,4,2
FAYETTE,KY,4,1
FLEMING,KY,4,2
FLOYD,KY,4,2
FRANKLIN,KY,4,1
FULTON,KY,4,3
GALLATIN,KY,4,2
GARRARD,KY,4,2
GRANT,KY,4,2
GRAVES,KY,4,3
GRAYSON,KY,4,2
GREEN,KY,4,1
GREENUP,KY,4,2
HANCOCK,KY,4,2
HARDIN,KY,4,2
HARLAN,KY,4,2
HARRISON,KY,4,1
HART,KY,4,1
HENDERSON,KY,4,2
HENRY,KY,4,2
HICKMAN,KY,4,3
HOPKINS,KY,4,2
JACKSON,KY,4,2
JEFFERSON,KY,4,1
JESSAMINE,KY,4,1
JOHNSON,KY,4,2
KENTON,KY,4,2
KNOTT,KY,4,2
KNOX,KY,4,2
LARUE,KY,4,2
LAUREL,KY,4,2
LAWRENCE,KY,4,2
LEE,KY,4,2
LESLIE,KY,4,2
LETCHER,KY,4,2
LEWIS,KY,4,2
LINCOLN,KY,4,1
LIVINGSTON,KY,4,2
LOGAN,KY,4,2
LYON,KY,4,2
MCCRACKEN,KY,4,3
MCCREARY,KY,4,2
MCLEAN,KY,4,2
MADISON,KY,4,2
MAGOFFIN,KY,4,2
MARION,KY,4,1
MARSHALL,KY,4,3
MARTIN,KY,4,2
MASON,KY,4,2
MEADE,KY,4,2
MENIFEE,KY,4,2
MERCER,KY,4,1
METCALFE,KY,4,1
MONROE,KY,4,1
MONTGOMERY,KY,4,2
MORGAN,KY,4,2
MUHLENBERG,KY,4,2
NELSON,KY,4,1
NICHOLAS,KY,4,2
OHIO,KY,4,2
OLDHAM,KY,4,2
OWEN,KY,4,2
OWSLEY,KY,4,2
PENDLETON,KY,4,1
PERRY,KY,4,2
PIKE,KY,4,2
POWELL,KY,4,2
PULASKI,KY,4,1
ROBERTSON,KY,4,1
ROCKCASTLE,KY,4,2
ROWAN,KY,4,2
RUSSELL,KY,4,1
SCOTT,KY,4,1
SHELBY,KY,4,2
SIMPSON,KY,4,2
SPENCER,KY,4,2
TAYLOR,KY,4,1
TODD,KY,4,2
TRIGG,KY,4,2
TRIMBLE,KY,4,2
UNION,KY,4,2
WARREN,KY,4,1
WASHINGTON,KY,4,2
WAYNE,KY,4,2
WEBSTER,KY,4,2
WHITLEY,KY,4,2
WOLFE,KY,4,2
WOODFORD,KY,4,1
ACADIA,LA,6,3
ALLEN,LA,6,3
ASCENSION,LA,6,3
ASSUMPTION,LA,6,3
AVOYELLES,LA,6,3
BEAUREGARD,LA,6,3
BIENVILLE,LA,6,3
BOSSIER,LA,6,3
CADDO,LA,6,3
CALCASIEU,LA,6,3
CALDWELL,LA,6,3
CAMERON,LA,6,3
CATAHOULA,LA,6,3
CLAIBORNE,LA,6,3
CONCORDIA,LA,6,3
DESOTO,LA,6,3
EASTBATONROUGE,LA,6,3
EASTCARROLL,LA,6,3
EASTFELICIANA,LA,6,3
EVANGELINE,LA,6,3
FRANKLIN,LA,6,3
GRANT,LA,6,3
IBERIA,LA,6,3
IBERVILLE,LA,6,3
JACKSON,LA,6,3
JEFFERSON,LA,6,3
JEFFERSONDAVIS,LA,6,3
LAFAYETTE,LA,6,3
LAFOURCHE,LA,6,3
LASALLE,LA,6,3
LINCOLN,LA,6,3
LIVINGSTON,LA,6,3
MADISON,LA,6,3
MOREHOUSE,LA,6,3
NATCHITOCHES,LA,6,3
ORLEANS,LA,6,3
OUACHITA,LA,6,3
PLAQUEMINES,LA,6,3
POINTECOUPEE,LA,6,3
RAPIDES,LA,6,3
REDRIVER,LA,6,3
RICHLAND,LA,6,3
SABINE,LA,6,3
STBERNARD,LA,6,3
STCHARLES,LA,6,3
STHELENA,LA,6,3
STJAMES,LA,6,3
STJOHNTHEBAPTIST,LA,6,3
STLANDRY,LA,6,3
STMARTIN,LA,6,3
STMARY,LA,6,3
STTAMMANY,LA,6,3
TANGIPAHOA,LA,6,3
TENSAS,LA,6,3
TERREBONNE,LA,6,3
UNION,LA,6,3
VERMILION,LA,6,3
VERNON,LA,6,3
WASHINGTON,LA,6,3
WEBSTER,LA,6,3
WESTBATONROUGE,LA,6,3
WESTCARROLL,LA,6,3
WESTFELICIANA,LA,6,3
WINN,LA,6,3
ANDROSCOGGIN,ME,1,1
AROOSTOOK,ME,1,1
CUMBERLAND,ME,1,1
FRANKLIN,ME,1,1
HANCOCK,ME,1,1
KENNEBEC,ME,1,1
KNOX,ME,1,2
LINCOLN,ME,1,1
OXFORD,ME,1,1
PENOBSCOT,ME,1,1
PISCATAQUIS,ME,1,1
SAGADAHOC,ME,1,2
SOMERSET,ME,1,1
WALDO,ME,1,2
WASHINGTON,ME,1,2
YORK,ME,1,1
ALLEGANY,MD,3,2
ANNEARUNDEL,MD,3,2
BALTIMORE,MD,3,1
CALVERT,MD,3,1
CAROLINE,MD,3,3
CARROLL,MD,3,1
CECIL,MD,3,2
CHARLES,MD,3,2
DORCHESTER,MD,3,3
FREDERICK,MD,3,1
GARRETT,MD,3,2
HARFORD,MD,3,1
HOWARD,MD,3,1
KENT,MD,3,3
MONTGOMERY,MD,3,1
PRINCEGEORGE'S,MD,3,2
QUEENANNE'S,MD,3,3
STMARY'S,MD,3,2
SOMERSET,MD,3,2
TALBOT,MD,3,3
WASHINGTON,MD,3,1
WICOMICO,MD,3,3
WORCESTER,MD,3,3
BALTIMORECITY,MD,3,2
BARNSTABLE,MA,1,2
BERKSHIRE,MA,1,2
BRISTOL,MA,1,2
DUKES,MA,1,2
ESSEX,MA,1,1
FRANKLIN,MA,1,2
HAMPDEN,MA,1,2
HAMPSHIRE,MA,1,2
MIDDLESEX,MA,1,1
NANTUCKET,MA,1,2
NORFOLK,MA,1,2
PLYMOUTH,MA,1,2
SUFFOLK,MA,1,3
WORCESTER,MA,1,1
ALCONA,MI,5,2
ALGER,MI,5,2
ALLEGAN,MI,5,3
ALPENA,MI,5,2
ANTRIM,MI,5,2
ARENAC,MI,5,3
BARAGA,MI,5,2
BARRY,MI,5,2
BAY,MI,5,3
BENZIE,MI,5,3
BERRIEN,MI,5,3
BRANCH,MI,5,1
CALHOUN,MI,5,1
CASS,MI,5,1
CHARLEVOIX,MI,5,2
CHEBOYGAN,MI,5,3
CHIPPEWA,MI,5,3
CLARE,MI,5,3
CLINTON,MI,5,2
CRAWFORD,MI,5,3
DELTA,MI,5,3
DICKINSON,MI,5,2
EATON,MI,5,2
EMMET,MI,5,2
GENESEE,MI,5,2
GLADWIN,MI,5,3
GOGEBIC,MI,5,2
GRANDTRAVERSE,MI,5,3
GRATIOT,MI,5,3
HILLSDALE,MI,5,1
HOUGHTON,MI,5,2
HURON,MI,5,3
INGHAM,MI,5,2
IONIA,MI,5,2
IOSCO,MI,5,3
IRON,MI,5,2
ISABELLA,MI,5,3
JACKSON,MI,5,1
KALAMAZOO,MI,5,1
KALKASKA,MI,5,3
KENT,MI,5,2
KEWEENAW,MI,5,2
LAKE,MI,5,3
LAPEER,MI,5,2
LEELANAU,MI,5,2
LENAWEE,MI,5,1
LIVINGSTON,MI,5,2
LUCE,MI,5,3
MACKINAC,MI,5,3
MACOMB,MI,5,3
MANISTEE,MI,5,3
MARQUETTE,MI,5,2
MASON,MI,5,3
MECOSTA,MI,5,3
MENOMINEE,MI,5,2
MIDLAND,MI,5,3
MISSAUKEE,MI,5,3
MONROE,MI,5,2
MONTCALM,MI,5,2
MONTMORENCY,MI,5,2
MUSKEGON,MI,5,3
NEWAYGO,MI,5,3
OAKLAND,MI,5,2
OCEANA,MI,5,3
OGEMAW,MI,5,3
ONTONAGON,MI,5,3
OSCEOLA,MI,5,3
OSCODA,MI,5,3
OTSEGO,MI,5,2
OTTAWA,MI,5,3
PRESQUEISLE,MI,5,2
ROSCOMMON,MI,5,3
SAGINAW,MI,5,3
STCLAIR,MI,5,3
STJOSEPH,MI,5,1
SANILAC,MI,5,2
SCHOOLCRAFT,MI,5,3
SHIAWASSEE,MI,5,2
TUSCOLA,MI,5,3
VANBUREN,MI,5,3
WASHTENAW,MI,5,1
WAYNE,MI,5,3
WEXFORD,MI,5,3
AITKIN,MN,5,2
ANOKA,MN,5,2
BECKER,MN,5,1
BELTRAMI,MN,5,2
BENTON,MN,5,2
BIGSTONE,MN,5,1
BLUEEARTH,MN,5,1
BROWN,MN,5,1
CARLTON,MN,5,2
CARVER,MN,5,1
CASS,MN,5,2
CHIPPEWA,MN,5,1
CHISAGO,MN,5,2
CLAY,MN,5,1
CLEARWATER,MN,5,2
COOK,MN,5,2
COTTONWOOD,MN,5,1
CROWWING,MN,5,2
DAKOTA,MN,5,1
DODGE,MN,5,1
DOUGLAS,MN,5,1
FARIBAULT,MN,5,1
FILLMORE,MN,5,1
FREEBORN,MN,5,1
GOODHUE,MN,5,1
GRANT,MN,5,1
HENNEPIN,MN,5,1
HOUSTON,MN,5,1
HUBBARD,MN,5,1
ISANTI,MN,5,2
ITASCA,MN,5,2
JACKSON,MN,5,1
KANABEC,MN,5,1
KANDIYOHI,MN,5,1
KITTSON,MN,5,1
KOOCHICHING,MN,5,2
LACQUIPARLE,MN,5,1
LAKE,MN,5,2
LAKEOFTHEWOODS,MN,5,2
LESUEUR,MN,5,1
LINCOLN,MN,5,1
LYON,MN,5,1
MCLEOD,MN,5,1
MAHNOMEN,MN,5,1
MARSHALL,MN,5,1
MARTIN,MN,5,1
MEEKER,MN,5,1
MILLELACS,MN,5,2
MORRISON,MN,5,2
MOWER,MN,5,1
MURRAY,MN,5,1
NICOLLET,MN,5,1
NOBLES,MN,5,1
NORMAN,MN,5,1
OLMSTED,MN,5,1
OTTERTAIL,MN,5,1
PENNINGTON,MN,5,1
PINE,MN,5,2
PIPESTONE,MN,5,1
POLK,MN,5,1
POPE,MN,5,1
RAMSEY,MN,5,1
REDLAKE,MN,5,1
REDWOOD,MN,5,1
RENVILLE,MN,5,1
RICE,MN,5,1
ROCK,MN,5,1
ROSEAU,MN,5,1
STLOUIS,MN,5,2
SCOTT,MN,5,1
SHERBURNE,MN,5,1
SIBLEY,MN,5,1
STEARNS,MN,5,1
STEELE,MN,5,1
STEVENS,MN,5,1
SWIFT,MN,5,1
TODD,MN,5,1
TRAVERSE,MN,5,1
WABASHA,MN,5,1
WADENA,MN,5,1
WASECA,MN,5,1
WASHINGTON,MN,5,1
WATONWAN,MN,5,1
WILKIN,MN,5,1
WINONA,MN,5,1
WRIGHT,MN,5,1
YELLOWMEDICINE,MN,5,1
ADAMS,MS,4,3
ALCORN,MS,4,2
AMITE,MS,4,3
ATTALA,MS,4,3
BENTON,MS,4,3
BOLIVAR,MS,4,3
CALHOUN,MS,4,3
CARROLL,MS,4,3
CHICKASAW,MS,4,2
CHOCTAW,MS,4,3
CLAIBORNE,MS,4,3
CLARKE,MS,4,3
CLAY,MS,4,2
COAHOMA,MS,4,3
COPIAH,MS,4,3
COVINGTON,MS,4,3
DESOTO,MS,4,3
FORREST,MS,4,3
FRANKLIN,MS,4,3
GEORGE,MS,4,3
GREENE,MS,4,3
GRENADA,MS,4,3
HANCOCK,MS,4,3
HARRISON,MS,4,3
HINDS,MS,4,3
HOLMES,MS,4,3
HUMPHREYS,MS,4,3
ISSAQUENA,MS,4,3
ITAWAMBA,MS,4,3
JACKSON,MS,4,3
JASPER,MS,4,3
JEFFERSON,MS,4,3
JEFFERSONDAVIS,MS,4,3
JONES,MS,4,3
KEMPER,MS,4,3
LAFAYETTE,MS,4,3
LAMAR,MS,4,3
LAUDERDALE,MS,4,3
LAWRENCE,MS,4,3
LEAKE,MS,4,3
LEE,MS,4,2
LEFLORE,MS,4,3
LINCOLN,MS,4,3
LOWNDES,MS,4,2
MADISON,MS,4,3
MARION,MS,4,3
MARSHALL,MS,4,3
MONROE,MS,4,3
MONTGOMERY,MS,4,3
NESHOBA,MS,4,3
NEWTON,MS,4,3
NOXUBEE,MS,4,2
OKTIBBEHA,MS,4,3
PANOLA,MS,4,3
PEARLRIVER,MS,4,3
PERRY,MS,4,3
PIKE,MS,4,3
PONTOTOC,MS,4,2
PRENTISS,MS,4,3
QUITMAN,MS,4,3
RANKIN,MS,4,3
SCOTT,MS,4,3
SHARKEY,MS,4,3
SIMPSON,MS,4,3
SMITH,MS,4,3
STONE,MS,4,3
SUNFLOWER,MS,4,3
TALLAHATCHIE,MS,4,3
TATE,MS,4,3
TIPPAH,MS,4,3
TISHOMINGO,MS,4,3
TUNICA,MS,4,3
UNION,MS,4,2
WALTHALL,MS,4,3
WARREN,MS,4,3
WASHINGTON,MS,4,3
WAYNE,MS,4,3
WEBSTER,MS,4,3
WILKINSON,MS,4,3
WINSTON,MS,4,3
YALOBUSHA,MS,4,3
YAZOO,MS,4,3
ADAIR,MO,7,2
ANDREW,MO,7,1
ATCHISON,MO,7,1
AUDRAIN,MO,7,2
BARRY,MO,7,2
BARTON,MO,7,2
BATES,MO,7,2
BENTON,MO,7,2
BOLLINGER,MO,7,2
BOONE,MO,7,2
BUCHANAN,MO,7,1
BUTLER,MO,7,3
CALDWELL,MO,7,2
CALLAWAY,MO,7,2
CAMDEN,MO,7,2
CAPEGIRARDEAU,MO,7,2
CARROLL,MO,7,2
CARTER,MO,7,2
CASS,MO,7,1
CEDAR,MO,7,2
CHARITON,MO,7,2
CHRISTIAN,MO,7,2
CLARK,MO,7,2
CLAY,MO,7,1
CLINTON,MO,7,1
COLE,MO,7,2
COOPER,MO,7,2
CRAWFORD,MO,7,2
DADE,MO,7,2
DALLAS,MO,7,2
DAVIESS,MO,7,2
DEKALB,MO,7,2
DENT,MO,7,2
DOUGLAS,MO,7,2
DUNKLIN,MO,7,3
FRANKLIN,MO,7,2
GASCONADE,MO,7,2
GENTRY,MO,7,2
GREENE,MO,7,2
GRUNDY,MO,7,2
HARRISON,MO,7,2
HENRY,MO,7,2
HICKORY,MO,7,2
HOLT,MO,7,1
HOWARD,MO,7,2
HOWELL,MO,7,2
IRON,MO,7,1
JACKSON,MO,7,1
JASPER,MO,7,2
JEFFERSON,MO,7,2
JOHNSON,MO,7,2
KNOX,MO,7,2
LACLEDE,MO,7,2
LAFAYETTE,MO,7,2
LAWRENCE,MO,7,2
LEWIS,MO,7,2
LINCOLN,MO,7,2
LINN,MO,7,2
LIVINGSTON,MO,7,2
MCDONALD,MO,7,2
MACON,MO,7,2
MADISON,MO,7,2
MARIES,MO,7,2
MARION,MO,7,2
MERCER,MO,7,2
MILLER,MO,7,2
MISSISSIPPI,MO,7,3
MONITEAU,MO,7,2
MONROE,MO,7,2
MONTGOMERY,MO,7,2
MORGAN,MO,7,2
NEWMADRID,MO,7,3
NEWTON,MO,7,2
NODAWAY,MO,7,1
OREGON,MO,7,2
OSAGE,MO,7,2
OZARK,MO,7,2
PEMISCOT,MO,7,3
PERRY,MO,7,2
PETTIS,MO,7,2
PHELPS,MO,7,2
PIKE,MO,7,2
PLATTE,MO,7,1
POLK,MO,7,2
PULASKI,MO,7,2
PUTNAM,MO,7,2
RALLS,MO,7,2
RANDOLPH,MO,7,2
RAY,MO,7,2
REYNOLDS,MO,7,2
RIPLEY,MO,7,2
STCHARLES,MO,7,2
STCLAIR,MO,7,2
STEGENEVIEVE,MO,7,2
STFRANCOIS,MO,7,2
STLOUIS,MO,7,2
SALINE,MO,7,2
SCHUYLER,MO,7,2
SCOTLAND,MO,7,2
SCOTT,MO,7,3
SHANNON,MO,7,2
SHELBY,MO,7,2
STODDARD,MO,7,3
STONE,MO,7,2
SULLIVAN,MO,7,2
TANEY,MO,7,2
TEXAS,MO,7,2
VERNON,MO,7,2
WARREN,MO,7,2
WASHINGTON,MO,7,2
WAYNE,MO,7,2
WEBSTER,MO,7,2
WORTH,MO,7,2
WRIGHT,MO,7,2
STLOUISCITY,MO,7,2
BEAVERHEAD,MT,8,1
BIGHORN,MT,8,1
BLAINE,MT,8,1
BROADWATER,MT,8,1
CARBON,MT,8,1
CARTER,MT,8,1
CASCADE,MT,8,1
CHOUTEAU,MT,8,1
CUSTER,MT,8,1
DANIELS,MT,8,1
DAWSON,MT,8,1
DEERLODGE,MT,8,1
FALLON,MT,8,1
FERGUS,MT,8,1
FLATHEAD,MT,8,1
GALLATIN,MT,8,1
GARFIELD,MT,8,1
GLACIER,MT,8,1
GOLDENVALLEY,MT,8,2
GRANITE,MT,8,1
HILL,MT,8,1
JEFFERSON,MT,8,1
JUDITHBASIN,MT,8,1
LAKE,MT,8,1
LEWISANDCLARK,MT,8,1
LIBERTY,MT,8,1
LINCOLN,MT,8,1
MCCONE,MT,8,1
MADISON,MT,8,1
MEAGHER,MT,8,1
MINERAL,MT,8,1
MISSOULA,MT,8,1
MUSSELSHELL,MT,8,2
PARK,MT,8,1
PETROLEUM,MT,8,2
PHILLIPS,MT,8,1
PONDERA,MT,8,1
POWDERRIVER,MT,8,1
POWELL,MT,8,1
PRAIRIE,MT,8,1
RAVALLI,MT,8,1
RICHLAND,MT,8,1
ROOSEVELT,MT,8,1
ROSEBUD,MT,8,1
SANDERS,MT,8,1
SHERIDAN,MT,8,1
SILVERBOW,MT,8,1
STILLWATER,MT,8,1
SWEETGRASS,MT,8,2
TETON,MT,8,1
TOOLE,MT,8,1
TREASURE,MT,8,2
VALLEY,MT,8,1
WHEATLAND,MT,8,2
WIBAUX,MT,8,1
YELLOWSTONE,MT,8,2
YELLOWSTONENATIONALPARK,MT,8,1
ADAMS,NE,7,1
ANTELOPE,NE,7,2
ARTHUR,NE,7,3
BANNER,NE,7,2
BLAINE,NE,7,3
BOONE,NE,7,1
BOXBUTTE,NE,7,2
BOYD,NE,7,1
BROWN,NE,7,3
BUFFALO,NE,7,2
BURT,NE,7,1
BUTLER,NE,7,1
CASS,NE,7,1
CEDAR,NE,7,1
CHASE,NE,7,2
CHERRY,NE,7,3
CHEYENNE,NE,7,2
CLAY,NE,7,1
COLFAX,NE,7,1
CUMING,NE,7,1
CUSTER,NE,7,2
DAKOTA,NE,7,1
DAWES,NE,7,2
DAWSON,NE,7,2
DEUEL,NE,7,2
DIXON,NE,7,1
DODGE,NE,7,1
DOUGLAS,NE,7,1
DUNDY,NE,7,2
FILLMORE,NE,7,1
FRANKLIN,NE,7,1
FRONTIER,NE,7,1
FURNAS,NE,7,1
GAGE,NE,7,1
GARDEN,NE,7,3
GARFIELD,NE,7,3
GOSPER,NE,7,1
GRANT,NE,7,3
GREELEY,NE,7,1
HALL,NE,7,2
HAMILTON,NE,7,1
HARLAN,NE,7,1
HAYES,NE,7,1
HITCHCOCK,NE,7,1
HOLT,NE,7,3
HOOKER,NE,7,3
HOWARD,NE,7,2
JEFFERSON,NE,7,1
JOHNSON,NE,7,1
KEARNEY,NE,7,1
KEITH,NE,7,2
KEYAPAHA,NE,7,2
KIMBALL,NE,7,2
KNOX,NE,7,1
LANCASTER,NE,7,1
LINCOLN,NE,7,3
LOGAN,NE,7,3
LOUP,NE,7,3
MCPHERSON,NE,7,3
MADISON,NE,7,1
MERRICK,NE,7,2
MORRILL,NE,7,2
NANCE,NE,7,1
NEMAHA,NE,7,1
NUCKOLLS,NE,7,1
OTOE,NE,7,1
PAWNEE,NE,7,1
PERKINS,NE,7,2
PHELPS,NE,7,1
PIERCE,NE,7,1
PLATTE,NE,7,1
POLK,NE,7,1
REDWILLOW,NE,7,1
RICHARDSON,NE,7,1
ROCK,NE,7,3
SALINE,NE,7,1
SARPY,NE,7,1
SAUNDERS,NE,7,1
SCOTTSBLUFF,NE,7,2
SEWARD,NE,7,1
SHERIDAN,NE,7,2
SHERMAN,NE,7,2
SIOUX,NE,7,2
STANTON,NE,7,1
THAYER,NE,7,1
THOMAS,NE,7,3
THURSTON,NE,7,1
VALLEY,NE,7,2
WASHINGTON,NE,7,1
WAYNE,NE,7,1
WEBSTER,NE,7,1
WHEELER,NE,7,3
YORK,NE,7,1
CHURCHILL,NV,9,2
CLARK,NV,9,3
DOUGLAS,NV,9,1
ELKO,NV,9,2
ESMERALDA,NV,9,2
EUREKA,NV,9,1
HUMBOLDT,NV,9,2
LANDER,NV,9,1
LINCOLN,NV,9,1
LYON,NV,9,1
MINERAL,NV,9,1
NYE,NV,9,2
PERSHING,NV,9,1
STOREY,NV,9,2
WASHOE,NV,9,2
WHITEPINE,NV,9,1
CARSONCITYCITY,NV,9,1
BELKNAP,NH,1,2
CARROLL,NH,1,1
CHESHIRE,NH,1,2
COOS,NH,1,2
GRAFTON,NH,1,2
HILLSBOROUGH,NH,1,2
MERRIMACK,NH,1,2
ROCKINGHAM,NH,1,2
STRAFFORD,NH,1,2
SULLIVAN,NH,1,2
ATLANTIC,NJ,2,3
BERGEN,NJ,2,2
BURLINGTON,NJ,2,2
CAMDEN,NJ,2,2
CAPEMAY,NJ,2,3
CUMBERLAND,NJ,2,2
ESSEX,NJ,2,2
GLOUCESTER,NJ,2,2
HUDSON,NJ,2,2
HUNTERDON,NJ,2,1
MERCER,NJ,2,1
MIDDLESEX,NJ,2,2
MONMOUTH,NJ,2,1
MORRIS,NJ,2,1
OCEAN,NJ,2,3
PASSAIC,NJ,2,2
SALEM,NJ,2,2
SOMERSET,NJ,2,1
SUSSEX,NJ,2,1
UNION,NJ,2,2
WARREN,NJ,2,1
BERNALILLO,NM,6,1
CATRON,NM,6,2
CHAVES,NM,6,2
CIBOLA,NM,6,2
COLFAX,NM,6,1
CURRY,NM,6,2
DEBACA,NM,6,2
DONAANA,NM,6,2
EDDY,NM,6,2
GRANT,NM,6,2
GUADALUPE,NM,6,2
HARDING,NM,6,2
HIDALGO,NM,6,2
LEA,NM,6,2
LINCOLN,NM,6,2
LOSALAMOS,NM,6,2
LUNA,NM,6,2
MCKINLEY,NM,6,2
MORA,NM,6,1
OTERO,NM,6,2
QUAY,NM,6,2
RIOARRIBA,NM,6,1
ROOSEVELT,NM,6,2
SANDOVAL,NM,6,2
SANJUAN,NM,6,2
SANMIGUEL,NM,6,1
SANTAFE,NM,6,1
SIERRA,NM,6,2
SOCORRO,NM,6,2
TAOS,NM,6,1
TORRANCE,NM,6,2
UNION,NM,6,2
VALENCIA,NM,6,2
ALBANY,NY,2,1
ALLEGANY,NY,2,1
BRONX,NY,2,3
BROOME,NY,2,1
CATTARAUGUS,NY,2,1
CAYUGA,NY,2,1
CHAUTAUQUA,NY,2,1
CHEMUNG,NY,2,1
CHENANGO,NY,2,1
CLINTON,NY,2,2
COLUMBIA,NY,2,1
CORTLAND,NY,2,1
DELAWARE,NY,2,1
DUTCHESS,NY,2,1
ERIE,NY,2,1
ESSEX,NY,2,3
FRANKLIN,NY,2,3
FULTON,NY,2,3
GENESEE,NY,2,1
GREENE,NY,2,1
HAMILTON,NY,2,3
HERKIMER,NY,2,3
JEFFERSON,NY,2,2
KINGS,NY,2,3
LEWIS,NY,2,2
LIVINGSTON,NY,2,1
MADISON,NY,2,1
MONROE,NY,2,2
MONTGOMERY,NY,2,2
NASSAU,NY,2,3
NEWYORK,NY,2,3
NIAGARA,NY,2,2
ONEIDA,NY,2,2
ONONDAGA,NY,2,1
ONTARIO,NY,2,1
ORANGE,NY,2,1
ORLEANS,NY,2,2
OSWEGO,NY,2,2
OTSEGO,NY,2,1
PUTNAM,NY,2,1
QUEENS,NY,2,3
RENSSELAER,NY,2,1
RICHMOND,NY,2,3
ROCKLAND,NY,2,3
STLAWRENCE,NY,2,2
SARATOGA,NY,2,2
SCHENECTADY,NY,2,2
SCHOHARIE,NY,2,1
SCHUYLER,NY,2,1
SENECA,NY,2,1
STEUBEN,NY,2,1
SUFFOLK,NY,2,3
SULLIVAN,NY,2,1
TIOGA,NY,2,1
TOMPKINS,NY,2,1
ULSTER,NY,2,1
WARREN,NY,2,3
WASHINGTON,NY,2,1
WAYNE,NY,2,2
WESTCHESTER,NY,2,3
WYOMING,NY,2,1
YATES,NY,2,1
ALAMANCE,NC,4,3
ALEXANDER,NC,4,2
ALLEGHANY,NC,4,1
ANSON,NC,4,3
ASHE,NC,4,2
AVERY,NC,4,2
BEAUFORT,NC,4,3
BERTIE,NC,4,3
BLADEN,NC,4,3
BRUNSWICK,NC,4,3
BUNCOMBE,NC,4,1
BURKE,NC,4,2
CABARRUS,NC,4,3
CALDWELL,NC,4,2
CAMDEN,NC,4,3
CARTERET,NC,4,3
CASWELL,NC,4,2
CATAWBA,NC,4,2
CHATHAM,NC,4,3
CHEROKEE,NC,4,1
CHOWAN,NC,4,3
CLAY,NC,4,2
CLEVELAND,NC,4,2
COLUMBUS,NC,4,3
CRAVEN,NC,4,3
CUMBERLAND,NC,4,3
CURRITUCK,NC,4,3
DARE,NC,4,3
DAVIDSON,NC,4,3
DAVIE,NC,4,3
DUPLIN,NC,4,3
DURHAM,NC,4,3
EDGECOMBE,NC,4,3
FORSYTH,NC,4,2
FRANKLIN,NC,4,2
GASTON,NC,4,2
GATES,NC,4,3
GRAHAM,NC,4,2
GRANVILLE,NC,4,3
GREENE,NC,4,3
GUILFORD,NC,4,3
HALIFAX,NC,4,3
HARNETT,NC,4,3
HAYWOOD,NC,4,2
HENDERSON,NC,4,1
HERTFORD,NC,4,3
HOKE,NC,4,3
HYDE,NC,4,3
IREDELL,NC,4,2
JACKSON,NC,4,2
JOHNSTON,NC,4,3
JONES,NC,4,3
LEE,NC,4,3
LENOIR,NC,4,3
LINCOLN,NC,4,2
MCDOWELL,NC,4,2
MACON,NC,4,2
MADISON,NC,4,2
MARTIN,NC,4,3
MECKLENBURG,NC,4,3
MITCHELL,NC,4,1
MONTGOMERY,NC,4,3
MOORE,NC,4,3
NASH,NC,4,3
NEWHANOVER,NC,4,3
NORTHAMPTON,NC,4,3
ONSLOW,NC,4,3
ORANGE,NC,4,3
PAMLICO,NC,4,3
PASQUOTANK,NC,4,3
PENDER,NC,4,3
PERQUIMANS,NC,4,3
PERSON,NC,4,3
PITT,NC,4,3
POLK,NC,4,2
RANDOLPH,NC,4,3
RICHMOND,NC,4,3
ROBESON,NC,4,3
ROCKINGHAM,NC,4,1
ROWAN,NC,4,3
RUTHERFORD,NC,4,2
SAMPSON,NC,4,3
SCOTLAND,NC,4,3
STANLY,NC,4,3
STOKES,NC,4,2
SURRY,NC,4,2
SWAIN,NC,4,2
TRANSYLVANIA,NC,4,1
TYRRELL,NC,4,3
UNION,NC,4,3
VANCE,NC,4,2
WAKE,NC,4,2
WARREN,NC,4,2
WASHINGTON,NC,4,3
WATAUGA,NC,4,1
WAYNE,NC,4,3
WILKES,NC,4,2
WILSON,NC,4,3
YADKIN,NC,4,2
YANCEY,NC,4,2
ADAMS,ND,8,1
BARNES,ND,8,1
BENSON,ND,8,1
BILLINGS,ND,8,1
BOTTINEAU,ND,8,1
BOWMAN,ND,8,1
BURKE,ND,8,1
BURLEIGH,ND,8,1
CASS,ND,8,1
CAVALIER,ND,8,1
DICKEY,ND,8,1
DIVIDE,ND,8,1
DUNN,ND,8,1
EDDY,ND,8,1
EMMONS,ND,8,1
FOSTER,ND,8,1
GOLDENVALLEY,ND,8,1
GRANDFORKS,ND,8,1
GRANT,ND,8,1
GRIGGS,ND,8,1
HETTINGER,ND,8,1
KIDDER,ND,8,1
LAMOURE,ND,8,1
LOGAN,ND,8,1
MCHENRY,ND,8,1
MCINTOSH,ND,8,1
MCKENZIE,ND,8,1
MCLEAN,ND,8,1
MERCER,ND,8,1
MORTON,ND,8,1
MOUNTRAIL,ND,8,1
NELSON,ND,8,1
OLIVER,ND,8,1
PEMBINA,ND,8,1
PIERCE,ND,8,1
RAMSEY,ND,8,1
RANSOM,ND,8,1
RENVILLE,ND,8,1
RICHLAND,ND,8,1
ROLETTE,ND,8,1
SARGENT,ND,8,1
SHERIDAN,ND,8,1
SIOUX,ND,8,1
SLOPE,ND,8,1
STARK,ND,8,1
STEELE,ND,8,1
STUTSMAN,ND,8,1
TOWNER,ND,8,1
TRAILL,ND,8,1
WALSH,ND,8,1
WARD,ND,8,1
WELLS,ND,8,1
WILLIAMS,ND,8,1
ADAMS,OH,5,1
ALLEN,OH,5,1
ASHLAND,OH,5,1
ASHTABULA,OH,5,2
ATHENS,OH,5,2
AUGLAIZE,OH,5,1
BELMONT,OH,5,1
BROWN,OH,5,2
BUTLER,OH,5,1
CARROLL,OH,5,1
CHAMPAIGN,OH,5,1
CLARK,OH,5,1
CLERMONT,OH,5,2
CLINTON,OH,5,1
COLUMBIANA,OH,5,1
COSHOCTON,OH,5,1
CRAWFORD,OH,5,1
CUYAHOGA,OH,5,2
DARKE,OH,5,1
DEFIANCE,OH,5,2
DELAWARE,OH,5,1
ERIE,OH,5,2
FAIRFIELD,OH,5,1
FAYETTE,OH,5,1
FRANKLIN,OH,5,1
FULTON,OH,5,2
GALLIA,OH,5,2
GEAUGA,OH,5,2
GREENE,OH,5,1
GUERNSEY,OH,5,1
HAMILTON,OH,5,1
HANCOCK,OH,5,1
HARDIN,OH,5,1
HARRISON,OH,5,1
HENRY,OH,5,2
HIGHLAND,OH,5,2
HOCKING,OH,5,2
HOLMES,OH,5,1
HURON,OH,5,1
JACKSON,OH,5,2
JEFFERSON,OH,5,1
KNOX,OH,5,1
LAKE,OH,5,2
LAWRENCE,OH,5,2
LICKING,OH,5,1
LOGAN,OH,5,1
LORAIN,OH,5,2
LUCAS,OH,5,2
MADISON,OH,5,1
MAHONING,OH,5,2
MARION,OH,5,1
MEDINA,OH,5,2
MEIGS,OH,5,2
MERCER,OH,5,1
MIAMI,OH,5,1
MONROE,OH,5,2
MONTGOMERY,OH,5,1
MORGAN,OH,5,2
MORROW,OH,5,1
MUSKINGUM,OH,5,1
NOBLE,OH,5,2
OTTAWA,OH,5,2
PAULDING,OH,5,2
PERRY,OH,5,1
PICKAWAY,OH,5,1
PIKE,OH,5,1
PORTAGE,OH,5,2
PREBLE,OH,5,1
PUTNAM,OH,5,2
RICHLAND,OH,5,1
ROSS,OH,5,1
SANDUSKY,OH,5,2
SCIOTO,OH,5,2
SENECA,OH,5,1
SHELBY,OH,5,1
STARK,OH,5,1
SUMMIT,OH,5,1
TRUMBULL,OH,5,2
TUSCARAWAS,OH,5,1
UNION,OH,5,1
VANWERT,OH,5,1
VINTON,OH,5,2
WARREN,OH,5,1
WASHINGTON,OH,5,2
WAYNE,OH,5,1
WILLIAMS,OH,5,2
WOOD,OH,5,2
WYANDOT,OH,5,1
ADAIR,OK,6,2
ALFALFA,OK,6,3
ATOKA,OK,6,3
BEAVER,OK,6,2
BECKHAM,OK,6,3
BLAINE,OK,6,3
BRYAN,OK,6,3
CADDO,OK,6,3
CANADIAN,OK,6,3
CARTER,OK,6,3
CHEROKEE,OK,6,2
CHOCTAW,OK,6,3
CIMARRON,OK,6,2
CLEVELAND,OK,6,3
COAL,OK,6,3
COMANCHE,OK,6,3
COTTON,OK,6,3
CRAIG,OK,6,3
CREEK,OK,6,3
CUSTER,OK,6,3
DELAWARE,OK,6,2
DEWEY,OK,6,3
ELLIS,OK,6,2
GARFIELD,OK,6,3
GARVIN,OK,6,3
GRADY,OK,6,3
GRANT,OK,6,3
GREER,OK,6,3
HARMON,OK,6,3
HARPER,OK,6,3
HASKELL,OK,6,3
HUGHES,OK,6,3
JACKSON,OK,6,3
JEFFERSON,OK,6,3
JOHNSTON,OK,6,3
KAY,OK,6,3
KINGFISHER,OK,6,3
KIOWA,OK,6,3
LATIMER,OK,6,3
LEFLORE,OK,6,3
LINCOLN,OK,6,3
LOGAN,OK,6,3
LOVE,OK,6,3
MCCLAIN,OK,6,3
MCCURTAIN,OK,6,3
MCINTOSH,OK,6,3
MAJOR,OK,6,3
MARSHALL,OK,6,3
MAYES,OK,6,2
MURRAY,OK,6,3
MUSKOGEE,OK,6,3
NOBLE,OK,6,3
NOWATA,OK,6,3
OKFUSKEE,OK,6,3
OKLAHOMA,OK,6,3
OKMULGEE,OK,6,3
OSAGE,OK,6,3
OTTAWA,OK,6,3
PAWNEE,OK,6,3
PAYNE,OK,6,3
PITTSBURG,OK,6,3
PONTOTOC,OK,6,3
POTTAWATOMIE,OK,6,3
PUSHMATAHA,OK,6,3
ROGERMILLS,OK,6,3
ROGERS,OK,6,3
SEMINOLE,OK,6,3
SEQUOYAH,OK,6,2
STEPHENS,OK,6,3
TEXAS,OK,6,2
TILLMAN,OK,6,3
TULSA,OK,6,3
WAGONER,OK,6,3
WASHINGTON,OK,6,3
WASHITA,OK,6,3
WOODS,OK,6,3
WOODWARD,OK,6,3
BAKER,OR,10,2
BENTON,OR,10,3
CLACKAMAS,OR,10,3
CLATSOP,OR,10,2
COLUMBIA,OR,10,2
COOS,OR,10,3
CROOK,OR,10,2
CURRY,OR,10,3
DESCHUTES,OR,10,3
DOUGLAS,OR,10,3
GILLIAM,OR,10,2
GRANT,OR,10,2
HARNEY,OR,10,2
HOODRIVER,OR,10,2
JACKSON,OR,10,3
JEFFERSON,OR,10,2
JOSEPHINE,OR,10,3
KLAMATH,OR,10,2
LAKE,OR,10,2
LANE,OR,10,3
LINCOLN,OR,10,3
LINN,OR,10,3
MALHEUR,OR,10,2
MARION,OR,10,3
MORROW,OR,10,2
MULTNOMAH,OR,10,2
POLK,OR,10,3
SHERMAN,OR,10,2
TILLAMOOK,OR,10,3
UMATILLA,OR,10,2
UNION,OR,10,2
WALLOWA,OR,10,3
WASCO,OR,10,2
WASHINGTON,OR,10,2
WHEELER,OR,10,2
YAMHILL,OR,10,2
ADAMS,PA,3,1
ALLEGHENY,PA,3,1
ARMSTRONG,PA,3,1
BEAVER,PA,3,1
BEDFORD,PA,3,1
BERKS,PA,3,1
BLAIR,PA,3,1
BRADFORD,PA,3,1
BUCKS,PA,3,1
BUTLER,PA,3,1
CAMBRIA,PA,3,2
CAMERON,PA,3,1
CARBON,PA,3,1
CENTRE,PA,3,1
CHESTER,PA,3,1
CLARION,PA,3,1
CLEARFIELD,PA,3,1
CLINTON,PA,3,1
COLUMBIA,PA,3,1
CRAWFORD,PA,3,2
CUMBERLAND,PA,3,1
DAUPHIN,PA,3,1
DELAWARE,PA,3,1
ELK,PA,3,2
ERIE,PA,3,2
FAYETTE,PA,3,2
FOREST,PA,3,2
FRANKLIN,PA,3,1
FULTON,PA,3,1
GREENE,PA,3,2
HUNTINGDON,PA,3,1
INDIANA,PA,3,1
JEFFERSON,PA,3,2
JUNIATA,PA,3,1
LACKAWANNA,PA,3,1
LANCASTER,PA,3,1
LAWRENCE,PA,3,2
LEBANON,PA,3,1
LEHIGH,PA,3,1
LUZERNE,PA,3,1
LYCOMING,PA,3,1
MCKEAN,PA,3,2
MERCER,PA,3,2
MIFFLIN,PA,3,1
MONROE,PA,3,1
MONTGOMERY,PA,3,1
MONTOUR,PA,3,1
NORTHAMPTON,PA,3,1
NORTHUMBERLAND,PA,3,1
PERRY,PA,3,1
PHILADELPHIA,PA,3,3
PIKE,PA,3,2
POTTER,PA,3,2
SCHUYLKILL,PA,3,1
SNYDER,PA,3,1
SOMERSET,PA,3,2
SULLIVAN,PA,3,1
SUSQUEHANNA,PA,3,1
TIOGA,PA,3,1
UNION,PA,3,1
VENANGO,PA,3,1
WARREN,PA,3,2
WASHINGTON,PA,3,2
WAYNE,PA,3,2
WESTMORELAND,PA,3,1
WYOMING,PA,3,1
YORK,PA,3,1
BRISTOL,RI,1,3
KENT,RI,1,1
NEWPORT,RI,1,2
PROVIDENCE,RI,1,2
WASHINGTON,RI,1,1
ABBEVILLE,SC,4,2
AIKEN,SC,4,3
ALLENDALE,SC,4,3
ANDERSON,SC,4,2
BAMBERG,SC,4,3
BARNWELL,SC,4,3
BEAUFORT,SC,4,3
BERKELEY,SC,4,3
CALHOUN,SC,4,3
CHARLESTON,SC,4,3
CHEROKEE,SC,4,2
CHESTER,SC,4,3
CHESTERFIELD,SC,4,3
CLARENDON,SC,4,3
COLLETON,SC,4,3
DARLINGTON,SC,4,3
DILLON,SC,4,3
DORCHESTER,SC,4,3
EDGEFIELD,SC,4,3
FAIRFIELD,SC,4,3
FLORENCE,SC,4,3
GEORGETOWN,SC,4,3
GREENVILLE,SC,4,1
GREENWOOD,SC,4,3
HAMPTON,SC,4,3
HORRY,SC,4,3
JASPER,SC,4,3
KERSHAW,SC,4,3
LANCASTER,SC,4,3
LAURENS,SC,4,2
LEE,SC,4,3
LEXINGTON,SC,4,3
MCCORMICK,SC,4,3
MARION,SC,4,3
MARLBORO,SC,4,3
NEWBERRY,SC,4,3
OCONEE,SC,4,2
ORANGEBURG,SC,4,3
PICKENS,SC,4,2
RICHLAND,SC,4,3
SALUDA,SC,4,3
SPARTANBURG,SC,4,2
SUMTER,SC,4,3
UNION,SC,4,3
WILLIAMSBURG,SC,4,3
YORK,SC,4,2
AURORA,SD,8,1
BEADLE,SD,8,1
BENNETT,SD,8,2
BONHOMME,SD,8,1
BROOKINGS,SD,8,1
BROWN,SD,8,1
BRULE,SD,8,1
BUFFALO,SD,8,1
BUTTE,SD,8,2
CAMPBELL,SD,8,1
CHARLESMIX,SD,8,1
CLARK,SD,8,1
CLAY,SD,8,1
CODINGTON,SD,8,1
CORSON,SD,8,1
CUSTER,SD,8,2
DAVISON,SD,8,1
DAY,SD,8,1
DEUEL,SD,8,1
DEWEY,SD,8,2
DOUGLAS,SD,8,1
EDMUNDS,SD,8,1
FALLRIVER,SD,8,2
FAULK,SD,8,1
GRANT,SD,8,1
GREGORY,SD,8,2
HAAKON,SD,8,2
HAMLIN,SD,8,1
HAND,SD,8,1
HANSON,SD,8,1
HARDING,SD,8,2
HUGHES,SD,8,1
HUTCHINSON,SD,8,1
HYDE,SD,8,1
JACKSON,SD,8,2
JERAULD,SD,8,1
JONES,SD,8,2
KINGSBURY,SD,8,1
LAKE,SD,8,1
LAWRENCE,SD,8,2
LINCOLN,SD,8,1
LYMAN,SD,8,1
MCCOOK,SD,8,1
MCPHERSON,SD,8,1
MARSHALL,SD,8,1
MEADE,SD,8,2
MELLETTE,SD,8,2
MINER,SD,8,1
MINNEHAHA,SD,8,1
MOODY,SD,8,1
PENNINGTON,SD,8,2
PERKINS,SD,8,1
POTTER,SD,8,1
ROBERTS,SD,8,1
SANBORN,SD,8,1
SHANNON,SD,8,2
SPINK,SD,8,1
STANLEY,SD,8,1
SULLY,SD,8,1
TODD,SD,8,2
TRIPP,SD,8,2
TURNER,SD,8,1
UNION,SD,8,1
WALWORTH,SD,8,1
YANKTON,SD,8,1
ZIEBACH,SD,8,2
ANDERSON,TN,4,1
BEDFORD,TN,4,1
BENTON,TN,4,2
BLEDSOE,TN,4,3
BLOUNT,TN,4,1
BRADLEY,TN,4,1
CAMPBELL,TN,4,3
CANNON,TN,4,2
CARROLL,TN,4,3
CARTER,TN,4,2
CHEATHAM,TN,4,2
CHESTER,TN,4,2
CLAIBORNE,TN,4,1
CLAY,TN,4,2
COCKE,TN,4,2
COFFEE,TN,4,2
CROCKETT,TN,4,3
CUMBERLAND,TN,4,3
DAVIDSON,TN,4,1
DECATUR,TN,4,2
DEKALB,TN,4,2
DICKSON,TN,4,2
DYER,TN,4,3
FAYETTE,TN,4,3
FENTRESS,TN,4,2
FRANKLIN,TN,4,3
GIBSON,TN,4,3
GILES,TN,4,1
GRAINGER,TN,4,1
GREENE,TN,4,1
GRUNDY,TN,4,3
HAMBLEN,TN,4,1
HAMILTON,TN,4,2
HANCOCK,TN,4,1
HARDEMAN,TN,4,3
HARDIN,TN,4,2
HAWKINS,TN,4,1
HAYWOOD,TN,4,3
HENDERSON,TN,4,2
HENRY,TN,4,3
HICKMAN,TN,4,1
HOUSTON,TN,4,2
HUMPHREYS,TN,4,1
JACKSON,TN,4,1
JEFFERSON,TN,4,1
JOHNSON,TN,4,2
KNOX,TN,4,1
LAKE,TN,4,3
LAUDERDALE,TN,4,3
LAWRENCE,TN,4,1
LEWIS,TN,4,1
LINCOLN,TN,4,1
LOUDON,TN,4,1
MCMINN,TN,4,1
MCNAIRY,TN,4,2
MACON,TN,4,1
MADISON,TN,4,1
MARION,TN,4,2
MARSHALL,TN,4,1
MAURY,TN,4,3
MEIGS,TN,4,1
MONROE,TN,4,1
MONTGOMERY,TN,4,2
MOORE,TN,4,1
MORGAN,TN,4,3
OBION,TN,4,3
OVERTON,TN,4,2
PERRY,TN,4,1
PICKETT,TN,4,2
POLK,TN,4,2
PUTNAM,TN,4,2
RHEA,TN,4,3
ROANE,TN,4,1
ROBERTSON,TN,4,2
RUTHERFORD,TN,4,1
SCOTT,TN,4,3
SEQUATCHIE,TN,4,3
SEVIER,TN,4,2
SHELBY,TN,4,3
SMITH,TN,4,1
STEWART,TN,4,2
SULLIVAN,TN,4,1
SUMNER,TN,4,2
TIPTON,TN,4,3
TROUSDALE,TN,4,1
UNICOI,TN,4,2
UNION,TN,4,1
VANBUREN,TN,4,2
WARREN,TN,4,2
WASHINGTON,TN,4,1
WAYNE,TN,4,1
WEAKLEY,TN,4,3
WHITE,TN,4,2
WILLIAMSON,TN,4,1
WILSON,TN,4,1
ANDERSON,TX,6,3
ANDREWS,TX,6,3
ANGELINA,TX,6,3
ARANSAS,TX,6,3
ARCHER,TX,6,3
ARMSTRONG,TX,6,2
ATASCOSA,TX,6,3
AUSTIN,TX,6,3
BAILEY,TX,6,2
BANDERA,TX,6,3
BASTROP,TX,6,3
BAYLOR,TX,6,3
BEE,TX,6,3
BELL,TX,6,3
BEXAR,TX,6,3
BLANCO,TX,6,3
BORDEN,TX,6,3
BOSQUE,TX,6,3
BOWIE,TX,6,3
BRAZORIA,TX,6,3
BRAZOS,TX,6,3
BREWSTER,TX,6,2
BRISCOE,TX,6,3
BROOKS,TX,6,3
BROWN,TX,6,3
BURLESON,TX,6,3
BURNET,TX,6,3
CALDWELL,TX,6,3
CALHOUN,TX,6,3
CALLAHAN,TX,6,3
CAMERON,TX,6,3
CAMP,TX,6,3
CARSON,TX,6,2
CASS,TX,6,3
CASTRO,TX,6,2
CHAMBERS,TX,6,3
CHEROKEE,TX,6,3
CHILDRESS,TX,6,3
CLAY,TX,6,3
COCHRAN,TX,6,3
COKE,TX,6,3
COLEMAN,TX,6,3
COLLIN,TX,6,3
COLLINGSWORTH,TX,6,3
COLORADO,TX,6,3
COMAL,TX,6,3
COMANCHE,TX,6,3
CONCHO,TX,6,3
COOKE,TX,6,3
CORYELL,TX,6,3
COTTLE,TX,6,3
CRANE,TX,6,3
CROCKETT,TX,6,3
CROSBY,TX,6,2
CULBERSON,TX,6,2
DALLAM,TX,6,2
DALLAS,TX,6,3
DAWSON,TX,6,3
DEAFSMITH,TX,6,2
DELTA,TX,6,3
DENTON,TX,6,3
DEWITT,TX,6,3
DICKENS,TX,6,3
DIMMIT,TX,6,3
DONLEY,TX,6,2
DUVAL,TX,6,3
EASTLAND,TX,6,3
ECTOR,TX,6,3
EDWARDS,TX,6,3
ELLIS,TX,6,3
ELPASO,TX,6,3
ERATH,TX,6,3
FALLS,TX,6,3
FANNIN,TX,6,3
FAYETTE,TX,6,3
FISHER,TX,6,3
FLOYD,TX,6,2
FOARD,TX,6,3
FORTBEND,TX,6,3
FRANKLIN,TX,6,3
FREESTONE,TX,6,3
FRIO,TX,6,3
GAINES,TX,6,3
GALVESTON,TX,6,3
GARZA,TX,6,2
GILLESPIE,TX,6,3
GLASSCOCK,TX,6,3
GOLIAD,TX,6,3
GONZALES,TX,6,3
GRAY,TX,6,2
GRAYSON,TX,6,3
GREGG,TX,6,3
GRIMES,TX,6,3
GUADALUPE,TX,6,3
HALE,TX,6,2
HALL,TX,6,3
HAMILTON,TX,6,3
HANSFORD,TX,6,2
HARDEMAN,TX,6,3
HARDIN,TX,6,3
HARRIS,TX,6,3
HARRISON,TX,6,3
HARTLEY,TX,6,2
HASKELL,TX,6,3
HAYS,TX,6,3
HEMPHILL,TX,6,2
HENDERSON,TX,6,3
HIDALGO,TX,6,3
HILL,TX,6,3
HOCKLEY,TX,6,2
HOOD,TX,6,3
HOPKINS,TX,6,3
HOUSTON,TX,6,3
HOWARD,TX,6,3
HUDSPETH,TX,6,2
HUNT,TX,6,3
HUTCHINSON,TX,6,2
IRION,TX,6,3
JACK,TX,6,3
JACKSON,TX,6,3
JASPER,TX,6,3
JEFFDAVIS,TX,6,2
JEFFERSON,TX,6,3
JIMHOGG,TX,6,3
JIMWELLS,TX,6,3
JOHNSON,TX,6,3
JONES,TX,6,3
KARNES,TX,6,3
KAUFMAN,TX,6,3
KENDALL,TX,6,3
KENEDY,TX,6,3
KENT,TX,6,3
KERR,TX,6,3
KIMBLE,TX,6,3
KING,TX,6,3
KINNEY,TX,6,3
KLEBERG,TX,6,3
KNOX,TX,6,3
LAMAR,TX,6,3
LAMB,TX,6,2
LAMPASAS,TX,6,3
LASALLE,TX,6,3
LAVACA,TX,6,3
LEE,TX,6,3
LEON,TX,6,3
LIBERTY,TX,6,3
LIMESTONE,TX,6,3
LIPSCOMB,TX,6,2
LIVEOAK,TX,6,3
LLANO,TX,6,2
LOVING,TX,6,3
LUBBOCK,TX,6,2
LYNN,TX,6,2
MCCULLOCH,TX,6,3
MCLENNAN,TX,6,3
MCMULLEN,TX,6,3
MADISON,TX,6,3
MARION,TX,6,3
MARTIN,TX,6,3
MASON,TX,6,2
MATAGORDA,TX,6,3
MAVERICK,TX,6,3
MEDINA,TX,6,3
MENARD,TX,6,3
MIDLAND,TX,6,3
MILAM,TX,6,3
MILLS,TX,6,3
MITCHELL,TX,6,3
MONTAGUE,TX,6,3
MONTGOMERY,TX,6,3
MOORE,TX,6,2
MORRIS,TX,6,3
MOTLEY,TX,6,3
NACOGDOCHES,TX,6,3
NAVARRO,TX,6,3
NEWTON,TX,6,3
NOLAN,TX,6,3
NUECES,TX,6,3
OCHILTREE,TX,6,2
OLDHAM,TX,6,2
ORANGE,TX,6,3
PALOPINTO,TX,6,3
PANOLA,TX,6,3
PARKER,TX,6,3
PARMER,TX,6,2
PECOS,TX,6,3
POLK,TX,6,3
POTTER,TX,6,2
PRESIDIO,TX,6,2
RAINS,TX,6,3
RANDALL,TX,6,2
REAGAN,TX,6,3
REAL,TX,6,3
REDRIVER,TX,6,3
REEVES,TX,6,2
REFUGIO,TX,6,3
ROBERTS,TX,6,2
ROBERTSON,TX,6,3
ROCKWALL,TX,6,3
RUNNELS,TX,6,3
RUSK,TX,6,3
SABINE,TX,6,3
SANAUGUSTINE,TX,6,3
SANJACINTO,TX,6,3
SANPATRICIO,TX,6,3
SANSABA,TX,6,3
SCHLEICHER,TX,6,3
SCURRY,TX,6,3
SHACKELFORD,TX,6,3
SHELBY,TX,6,3
SHERMAN,TX,6,2
SMITH,TX,6,3
SOMERVELL,TX,6,3
STARR,TX,6,3
STEPHENS,TX,6,3
STERLING,TX,6,3
STONEWALL,TX,6,3
SUTTON,TX,6,3
SWISHER,TX,6,2
TARRANT,TX,6,3
TAYLOR,TX,6,3
TERRELL,TX,6,2
TERRY,TX,6,3
THROCKMORTON,TX,6,3
TITUS,TX,6,3
TOMGREEN,TX,6,3
TRAVIS,TX,6,3
TRINITY,TX,6,3
TYLER,TX,6,3
UPSHUR,TX,6,3
UPTON,TX,6,3
UVALDE,TX,6,3
VALVERDE,TX,6,3
VANZANDT,TX,6,3
VICTORIA,TX,6,3
WALKER,TX,6,3
WALLER,TX,6,3
WARD,TX,6,3
WASHINGTON,TX,6,3
WEBB,TX,6,3
WHARTON,TX,6,3
WHEELER,TX,6,3
WICHITA,TX,6,3
WILBARGER,TX,6,3
WILLACY,TX,6,3
WILLIAMSON,TX,6,3
WILSON,TX,6,3
WINKLER,TX,6,3
WISE,TX,6,3
WOOD,TX,6,3
YOAKUM,TX,6,3
YOUNG,TX,6,3
ZAPATA,TX,6,3
ZAVALA,TX,6,3
BEAVER,UT,8,2
BOXELDER,UT,8,2
CACHE,UT,8,2
CARBON,UT,8,1
DAGGETT,UT,8,2
DAVIS,UT,8,2
DUCHESNE,UT,8,1
EMERY,UT,8,2
GARFIELD,UT,8,2
GRAND,UT,8,1
IRON,UT,8,2
JUAB,UT,8,2
KANE,UT,8,2
MILLARD,UT,8,2
MORGAN,UT,8,2
PIUTE,UT,8,1
RICH,UT,8,2
SALTLAKE,UT,8,2
SANJUAN,UT,8,2
SANPETE,UT,8,1
SEVIER,UT,8,1
SUMMIT,UT,8,2
TOOELE,UT,8,2
UINTAH,UT,8,1
UTAH,UT,8,2
WASATCH,UT,8,2
WASHINGTON,UT,8,2
WAYNE,UT,8,2
WEBER,UT,8,2
ADDISON,VT,1,2
BENNINGTON,VT,1,2
CALEDONIA,VT,1,2
CHITTENDEN,VT,1,3
ESSEX,VT,1,2
FRANKLIN,VT,1,2
GRANDISLE,VT,1,3
LAMOILLE,VT,1,2
ORANGE,VT,1,2
ORLEANS,VT,1,2
RUTLAND,VT,1,2
WASHINGTON,VT,1,2
WINDHAM,VT,1,2
WINDSOR,VT,1,2
ACCOMACK,VA,3,3
ALBEMARLE,VA,3,2
ALLEGHANY,VA,3,1
AMELIA,VA,3,1
AMHERST,VA,3,2
APPOMATTOX,VA,3,1
ARLINGTON,VA,3,2
AUGUSTA,VA,3,1
BATH,VA,3,1
BEDFORD,VA,3,2
BLAND,VA,3,1
BOTETOURT,VA,3,1
BRUNSWICK,VA,3,1
BUCHANAN,VA,3,2
BUCKINGHAM,VA,3,1
CAMPBELL,VA,3,1
CAROLINE,VA,3,3
CARROLL,VA,3,2
CHARLESCITY,VA,3,3
CHARLOTTE,VA,3,2
CHESTERFIELD,VA,3,1
CLARKE,VA,3,1
CRAIG,VA,3,1
CULPEPER,VA,3,2
CUMBERLAND,VA,3,1
DICKENSON,VA,3,2
DINWIDDIE,VA,3,1
ESSEX,VA,3,3
FAIRFAX,VA,3,1
FAUQUIER,VA,3,2
FLOYD,VA,3,2
FLUVANNA,VA,3,1
FRANKLIN,VA,3,2
FREDERICK,VA,3,1
GILES,VA,3,1
GLOUCESTER,VA,3,3
GOOCHLAND,VA,3,1
GRAYSON,VA,3,2
GREENE,VA,3,2
GREENSVILLE,VA,3,3
HALIFAX,VA,3,2
HANOVER,VA,3,3
HENRICO,VA,3,3
HENRY,VA,3,1
HIGHLAND,VA,3,1
ISLEOFWIGHT,VA,3,3
JAMESCITY,VA,3,3
KINGANDQUEEN,VA,3,3
KINGGEORGE,VA,3,3
KINGWILLIAM,VA,3,3
LANCASTER,VA,3,3
LEE,VA,3,1
LOUDOUN,VA,3,2
LOUISA,VA,3,1
LUNENBURG,VA,3,2
MADISON,VA,3,2
MATHEWS,VA,3,3
MECKLENBURG,VA,3,2
MIDDLESEX,VA,3,3
MONTGOMERY,VA,3,1
NELSON,VA,3,2
NEWKENT,VA,3,3
NORTHAMPTON,VA,3,3
NORTHUMBERLAND,VA,3,3
NOTTOWAY,VA,3,1
ORANGE,VA,3,1
PAGE,VA,3,1
PATRICK,VA,3,1
PITTSYLVANIA,VA,3,1
POWHATAN,VA,3,1
PRINCEEDWARD,VA,3,2
PRINCEGEORGE,VA,3,3
PRINCEWILLIAM,VA,3,2
PULASKI,VA,3,1
RAPPAHANNOCK,VA,3,2
RICHMOND,VA,3,3
ROANOKE,VA,3,1
ROCKBRIDGE,VA,3,1
ROCKINGHAM,VA,3,1
RUSSELL,VA,3,1
SCOTT,VA,3,1
SHENANDOAH,VA,3,1
SMYTH,VA,3,1
SOUTHAMPTON,VA,3,3
SPOTSYLVANIA,VA,3,1
STAFFORD,VA,3,1
SURRY,VA,3,3
SUSSEX,VA,3,3
TAZEWELL,VA,3,1
WARREN,VA,3,1
WASHINGTON,VA,3,1
WESTMORELAND,VA,3,3
WISE,VA,3,2
WYTHE,VA,3,1
YORK,VA,3,3
ADAMS,WA,10,2
ASOTIN,WA,10,2
BENTON,WA,10,2
CHELAN,WA,10,3
CLALLAM,WA,10,3
CLARK,WA,10,1
COLUMBIA,WA,10,2
COWLITZ,WA,10,3
DOUGLAS,WA,10,2
FERRY,WA,10,1
FRANKLIN,WA,10,2
GARFIELD,WA,10,2
GRANT,WA,10,2
GRAYSHARBOR,WA,10,3
ISLAND,WA,10,3
JEFFERSON,WA,10,3
KING,WA,10,3
KITSAP,WA,10,3
KITTITAS,WA,10,2
KLICKITAT,WA,10,2
LEWIS,WA,10,3
LINCOLN,WA,10,2
MASON,WA,10,3
OKANOGAN,WA,10,1
PACIFIC,WA,10,3
PENDOREILLE,WA,10,1
PIERCE,WA,10,3
SANJUAN,WA,10,3
SKAGIT,WA,10,3
SKAMANIA,WA,10,1
SNOHOMISH,WA,10,3
SPOKANE,WA,10,1
STEVENS,WA,10,1
THURSTON,WA,10,3
WAHKIAKUM,WA,10,3
WALLAWALLA,WA,10,2
WHATCOM,WA,10,3
WHITMAN,WA,10,2
YAKIMA,WA,10,2
BARBOUR,WV,3,2
BERKELEY,WV,3,1
BOONE,WV,3,3
BRAXTON,WV,3,2
BROOKE,WV,3,1
CABELL,WV,3,2
CALHOUN,WV,3,2
CLAY,WV,3,2
DODDRIDGE,WV,3,2
FAYETTE,WV,3,2
GILMER,WV,3,2
GRANT,WV,3,1
GREENBRIER,WV,3,1
HAMPSHIRE,WV,3,1
HANCOCK,WV,3,1
HARDY,WV,3,1
HARRISON,WV,3,2
JACKSON,WV,3,2
JEFFERSON,WV,3,1
KANAWHA,WV,3,3
LEWIS,WV,3,2
LINCOLN,WV,3,2
LOGAN,WV,3,3
MCDOWELL,WV,3,3
MARION,WV,3,2
MARSHALL,WV,3,1
MASON,WV,3,2
MERCER,WV,3,1
MINERAL,WV,3,1
MINGO,WV,3,3
MONONGALIA,WV,3,1
MONROE,WV,3,1
MORGAN,WV,3,1
NICHOLAS,WV,3,2
OHIO,WV,3,1
PENDLETON,WV,3,1
PLEASANTS,WV,3,2
POCAHONTAS,WV,3,1
PRESTON,WV,3,1
PUTNAM,WV,3,2
RALEIGH,WV,3,2
RANDOLPH,WV,3,2
RITCHIE,WV,3,2
ROANE,WV,3,2
SUMMERS,WV,3,1
TAYLOR,WV,3,2
TUCKER,WV,3,2
TYLER,WV,3,2
UPSHUR,WV,3,2
WAYNE,WV,3,2
WEBSTER,WV,3,2
WETZEL,WV,3,1
WIRT,WV,3,2
WOOD,WV,3,2
WYOMING,WV,3,3
ADAMS,WI,5,2
ASHLAND,WI,5,2
BARRON,WI,5,2
BAYFIELD,WI,5,2
BROWN,WI,5,2
BUFFALO,WI,5,1
BURNETT,WI,5,2
CALUMET,WI,5,2
CHIPPEWA,WI,5,2
CLARK,WI,5,2
COLUMBIA,WI,5,2
CRAWFORD,WI,5,1
DANE,WI,5,1
DODGE,WI,5,1
DOOR,WI,5,1
DOUGLAS,WI,5,2
DUNN,WI,5,2
EAUCLAIRE,WI,5,2
FLORENCE,WI,5,2
FONDDULAC,WI,5,1
FOREST,WI,5,2
GRANT,WI,5,1
GREEN,WI,5,1
GREENLAKE,WI,5,1
IOWA,WI,5,1
IRON,WI,5,2
JACKSON,WI,5,2
JEFFERSON,WI,5,1
JUNEAU,WI,5,2
KENOSHA,WI,5,2
KEWAUNEE,WI,5,2
LACROSSE,WI,5,2
LAFAYETTE,WI,5,1
LANGLADE,WI,5,1
LINCOLN,WI,5,2
MANITOWOC,WI,5,2
MARATHON,WI,5,1
MARINETTE,WI,5,2
MARQUETTE,WI,5,2
MENOMINEE,WI,5,1
MILWAUKEE,WI,5,2
MONROE,WI,5,2
OCONTO,WI,5,2
ONEIDA,WI,5,2
OUTAGAMIE,WI,5,2
OZAUKEE,WI,5,2
PEPIN,WI,5,1
PIERCE,WI,5,1
POLK,WI,5,2
PORTAGE,WI,5,1
PRICE,WI,5,2
RACINE,WI,5,2
RICHLAND,WI,5,1
ROCK,WI,5,1
RUSK,WI,5,2
STCROIX,WI,5,1
SAUK,WI,5,2
SAWYER,WI,5,2
SHAWANO,WI,5,1
SHEBOYGAN,WI,5,2
TAYLOR,WI,5,2
TREMPEALEAU,WI,5,2
VERNON,WI,5,1
VILAS,WI,5,2
WALWORTH,WI,5,1
WASHBURN,WI,5,2
WASHINGTON,WI,5,1
WAUKESHA,WI,5,1
WAUPACA,WI,5,1
WAUSHARA,WI,5,2
WINNEBAGO,WI,5,2
WOOD,WI,5,1
ALBANY,WY,8,1
BIGHORN,WY,8,1
CAMPBELL,WY,8,1
CARBON,WY,8,1
CONVERSE,WY,8,1
CROOK,WY,8,1
FREMONT,WY,8,1
GOSHEN,WY,8,1
HOTSPRINGS,WY,8,1
JOHNSON,WY,8,1
LARAMIE,WY,8,1
LINCOLN,WY,8,1
NATRONA,WY,8,1
NIOBRARA,WY,8,1
PARK,WY,8,1
PLATTE,WY,8,2
SHERIDAN,WY,8,1
SUBLETTE,WY,8,1
SWEETWATER,WY,8,1
TETON,WY,8,1
UINTA,WY,8,1
WASHAKIE,WY,8,1
WESTON,WY,8,2
